브랜드명,제품명,원래가격,할인가격,리뷰수,리뷰점수
나이스고스트클럽,JS TOMIE HELLO KITTY TEE_WHITE(NG2GMUT540G),53100,53100,8,100
108파운드,Days Comfort Fit Shirt_White,67640,67640,0,0
무신사 스탠다드,[SSG랜더스 컬래버] 피그먼트 다이드 베이스볼 셔츠 [차콜 그레이],89900,89900,15,100
나이키,민소매 티셔츠 M - 블랙:하이퍼 핑크 / IM6145-011,59000,59000,14,98
일꼬르소,시어서커 하드 트위스트 체크 셔츠 블랙,79200,79200,0,0
무신사 스탠다드 우먼,우먼즈 CR 스트라이프 릴렉스드 긴소매 티셔츠 [올리브],23310,23310,24,100
하이스쿨디스코,플라워 오프숄더 숏슬리브_베이지,33280,33280,1,80
댄꼼마,짱구 닭살커플 반팔 티셔츠 2팩,49900,49900,0,0
쿠톤,폴라리스 롤업 세미크롭 반팔 티셔츠 [버건디],33000,33000,4,90
해비즘,FLOWER APLIQUE RAGLAN L/S TEE(PLUM),42160,42160,0,0
밀리언코르,허쉬 슬리브리스 골지나시 (블루),20300,20300,0,0
어반드레스,Sally V-cut Stripe Layered Short Sleeve_4Colors,34300,34300,10,98
루프,베이직 언발 오프숄더 긴팔티 차콜,58000,58000,0,0
나이키,플렉스 드라이 핏 긴소매 트레이닝 탑 M - 화이트:블랙 / IO1428-100,39000,39000,4,100
무드인사이드 우먼,(woman) 리브드 헨리넥 롱슬리브_6Color,29900,29900,0,0
나이키,스포츠웨어 탱크 탑 M - 블랙 / IM3820-010,46750,46750,0,0
칙스,소프트 거즈 레이어드 오버핏 긴팔 티셔츠,11830,11830,4,86
트릴리온,[기획] 에센셜 CP 이중지 크롭 긴팔티_7color,23900,23900,62,98
나이키,민소매 티셔츠 M - 카모 그린:라이트 아미 / IM6145-303,59000,59000,6,96
에잇세컨즈,체크 라운드칼라 블라우스 와인,40770,40770,2,80
그리쉬,롤업 레이어드 크롭 반팔티 [블랙],27930,27930,2,60
에잇세컨즈,[Disney] 슬림 레귤러핏 그래픽 티셔츠 그레이,25420,25420,6,94
노티카,아치 프레임 로고 티셔츠(3colors) NTS6026,17400,17400,13,96
나이스고스트클럽,JS TOMIE HELLO KITTY TEE_WHITE(NG2GMUT540G),53100,53100,8,100
108파운드,Days Comfort Fit Shirt_White,67640,67640,0,0
무신사 스탠다드,[SSG랜더스 컬래버] 피그먼트 다이드 베이스볼 셔츠 [차콜 그레이],89900,89900,15,100
나이키,민소매 티셔츠 M - 블랙:하이퍼 핑크 / IM6145-011,59000,59000,14,98
일꼬르소,시어서커 하드 트위스트 체크 셔츠 블랙,79200,79200,0,0
무신사 스탠다드 우먼,우먼즈 CR 스트라이프 릴렉스드 긴소매 티셔츠 [올리브],23310,23310,24,100
하이스쿨디스코,플라워 오프숄더 숏슬리브_베이지,33280,33280,1,80
댄꼼마,짱구 닭살커플 반팔 티셔츠 2팩,49900,49900,0,0
쿠톤,폴라리스 롤업 세미크롭 반팔 티셔츠 [버건디],33000,33000,4,90
해비즘,FLOWER APLIQUE RAGLAN L/S TEE(PLUM),42160,42160,0,0
밀리언코르,허쉬 슬리브리스 골지나시 (블루),20300,20300,0,0
어반드레스,Sally V-cut Stripe Layered Short Sleeve_4Colors,34300,34300,10,98
루프,베이직 언발 오프숄더 긴팔티 차콜,58000,58000,0,0
나이키,플렉스 드라이 핏 긴소매 트레이닝 탑 M - 화이트:블랙 / IO1428-100,39000,39000,4,100
무드인사이드 우먼,(woman) 리브드 헨리넥 롱슬리브_6Color,29900,29900,0,0
나이키,스포츠웨어 탱크 탑 M - 블랙 / IM3820-010,46750,46750,0,0
칙스,소프트 거즈 레이어드 오버핏 긴팔 티셔츠,11830,11830,4,86
트릴리온,[기획] 에센셜 CP 이중지 크롭 긴팔티_7color,23900,23900,62,98
나이키,민소매 티셔츠 M - 카모 그린:라이트 아미 / IM6145-303,59000,59000,6,96
에잇세컨즈,체크 라운드칼라 블라우스 와인,40770,40770,2,80
그리쉬,롤업 레이어드 크롭 반팔티 [블랙],27930,27930,2,60
에잇세컨즈,[Disney] 슬림 레귤러핏 그래픽 티셔츠 그레이,25420,25420,6,94
노티카,아치 프레임 로고 티셔츠(3colors) NTS6026,17400,17400,13,96
나이스고스트클럽,JS TOMIE HELLO KITTY TEE_WHITE(NG2GMUT540G),53100,53100,8,100
108파운드,Days Comfort Fit Shirt_White,67640,67640,0,0
무신사 스탠다드,[SSG랜더스 컬래버] 피그먼트 다이드 베이스볼 셔츠 [차콜 그레이],89900,89900,15,100
나이키,민소매 티셔츠 M - 블랙:하이퍼 핑크 / IM6145-011,59000,59000,14,98
일꼬르소,시어서커 하드 트위스트 체크 셔츠 블랙,79200,79200,0,0
무신사 스탠다드 우먼,우먼즈 CR 스트라이프 릴렉스드 긴소매 티셔츠 [올리브],23310,23310,24,100
하이스쿨디스코,플라워 오프숄더 숏슬리브_베이지,33280,33280,1,80
댄꼼마,짱구 닭살커플 반팔 티셔츠 2팩,49900,49900,0,0
쿠톤,폴라리스 롤업 세미크롭 반팔 티셔츠 [버건디],33000,33000,4,90
해비즘,FLOWER APLIQUE RAGLAN L/S TEE(PLUM),42160,42160,0,0
밀리언코르,허쉬 슬리브리스 골지나시 (블루),20300,20300,0,0
어반드레스,Sally V-cut Stripe Layered Short Sleeve_4Colors,34300,34300,10,98
루프,베이직 언발 오프숄더 긴팔티 차콜,58000,58000,0,0
나이키,플렉스 드라이 핏 긴소매 트레이닝 탑 M - 화이트:블랙 / IO1428-100,39000,39000,4,100
무드인사이드 우먼,(woman) 리브드 헨리넥 롱슬리브_6Color,29900,29900,0,0
나이키,스포츠웨어 탱크 탑 M - 블랙 / IM3820-010,46750,46750,0,0
칙스,소프트 거즈 레이어드 오버핏 긴팔 티셔츠,11830,11830,4,86
트릴리온,[기획] 에센셜 CP 이중지 크롭 긴팔티_7color,23900,23900,62,98
나이키,민소매 티셔츠 M - 카모 그린:라이트 아미 / IM6145-303,59000,59000,6,96
에잇세컨즈,체크 라운드칼라 블라우스 와인,40770,40770,2,80
그리쉬,롤업 레이어드 크롭 반팔티 [블랙],27930,27930,2,60
에잇세컨즈,[Disney] 슬림 레귤러핏 그래픽 티셔츠 그레이,25420,25420,6,94
노티카,아치 프레임 로고 티셔츠(3colors) NTS6026,17400,17400,13,96
나이스고스트클럽,JS TOMIE HELLO KITTY TEE_WHITE(NG2GMUT540G),53100,53100,8,100
108파운드,Days Comfort Fit Shirt_White,67640,67640,0,0
무신사 스탠다드,[SSG랜더스 컬래버] 피그먼트 다이드 베이스볼 셔츠 [차콜 그레이],89900,89900,15,100
나이키,민소매 티셔츠 M - 블랙:하이퍼 핑크 / IM6145-011,59000,59000,14,98
일꼬르소,시어서커 하드 트위스트 체크 셔츠 블랙,79200,79200,0,0
무신사 스탠다드 우먼,우먼즈 CR 스트라이프 릴렉스드 긴소매 티셔츠 [올리브],23310,23310,24,100
하이스쿨디스코,플라워 오프숄더 숏슬리브_베이지,33280,33280,1,80
댄꼼마,짱구 닭살커플 반팔 티셔츠 2팩,49900,49900,0,0
쿠톤,폴라리스 롤업 세미크롭 반팔 티셔츠 [버건디],33000,33000,4,90
해비즘,FLOWER APLIQUE RAGLAN L/S TEE(PLUM),42160,42160,0,0
밀리언코르,허쉬 슬리브리스 골지나시 (블루),20300,20300,0,0
어반드레스,Sally V-cut Stripe Layered Short Sleeve_4Colors,34300,34300,10,98
루프,베이직 언발 오프숄더 긴팔티 차콜,58000,58000,0,0
나이키,플렉스 드라이 핏 긴소매 트레이닝 탑 M - 화이트:블랙 / IO1428-100,39000,39000,4,100
무드인사이드 우먼,(woman) 리브드 헨리넥 롱슬리브_6Color,29900,29900,0,0
나이키,스포츠웨어 탱크 탑 M - 블랙 / IM3820-010,46750,46750,0,0
칙스,소프트 거즈 레이어드 오버핏 긴팔 티셔츠,11830,11830,4,86
트릴리온,[기획] 에센셜 CP 이중지 크롭 긴팔티_7color,23900,23900,62,98
나이키,민소매 티셔츠 M - 카모 그린:라이트 아미 / IM6145-303,59000,59000,6,96
에잇세컨즈,체크 라운드칼라 블라우스 와인,40770,40770,2,80
그리쉬,롤업 레이어드 크롭 반팔티 [블랙],27930,27930,2,60
에잇세컨즈,[Disney] 슬림 레귤러핏 그래픽 티셔츠 그레이,25420,25420,6,94
노티카,아치 프레임 로고 티셔츠(3colors) NTS6026,17400,17400,13,96
나이스고스트클럽,JS TOMIE HELLO KITTY TEE_WHITE(NG2GMUT540G),53100,53100,8,100
108파운드,Days Comfort Fit Shirt_White,67640,67640,0,0
무신사 스탠다드,[SSG랜더스 컬래버] 피그먼트 다이드 베이스볼 셔츠 [차콜 그레이],89900,89900,15,100
나이키,민소매 티셔츠 M - 블랙:하이퍼 핑크 / IM6145-011,59000,59000,14,98
일꼬르소,시어서커 하드 트위스트 체크 셔츠 블랙,79200,79200,0,0
무신사 스탠다드 우먼,우먼즈 CR 스트라이프 릴렉스드 긴소매 티셔츠 [올리브],23310,23310,24,100
하이스쿨디스코,플라워 오프숄더 숏슬리브_베이지,33280,33280,1,80
댄꼼마,짱구 닭살커플 반팔 티셔츠 2팩,49900,49900,0,0
쿠톤,폴라리스 롤업 세미크롭 반팔 티셔츠 [버건디],33000,33000,4,90
해비즘,FLOWER APLIQUE RAGLAN L/S TEE(PLUM),42160,42160,0,0
밀리언코르,허쉬 슬리브리스 골지나시 (블루),20300,20300,0,0
어반드레스,Sally V-cut Stripe Layered Short Sleeve_4Colors,34300,34300,10,98
루프,베이직 언발 오프숄더 긴팔티 차콜,58000,58000,0,0
나이키,플렉스 드라이 핏 긴소매 트레이닝 탑 M - 화이트:블랙 / IO1428-100,39000,39000,4,100
무드인사이드 우먼,(woman) 리브드 헨리넥 롱슬리브_6Color,29900,29900,0,0
나이키,스포츠웨어 탱크 탑 M - 블랙 / IM3820-010,46750,46750,0,0
칙스,소프트 거즈 레이어드 오버핏 긴팔 티셔츠,11830,11830,4,86
트릴리온,[기획] 에센셜 CP 이중지 크롭 긴팔티_7color,23900,23900,62,98
나이키,민소매 티셔츠 M - 카모 그린:라이트 아미 / IM6145-303,59000,59000,6,96
에잇세컨즈,체크 라운드칼라 블라우스 와인,40770,40770,2,80
그리쉬,롤업 레이어드 크롭 반팔티 [블랙],27930,27930,2,60
에잇세컨즈,[Disney] 슬림 레귤러핏 그래픽 티셔츠 그레이,25420,25420,6,94
노티카,아치 프레임 로고 티셔츠(3colors) NTS6026,17400,17400,13,96
나이스고스트클럽,JS TOMIE HELLO KITTY TEE_WHITE(NG2GMUT540G),53100,53100,8,100
108파운드,Days Comfort Fit Shirt_White,67640,67640,0,0
무신사 스탠다드,[SSG랜더스 컬래버] 피그먼트 다이드 베이스볼 셔츠 [차콜 그레이],89900,89900,15,100
나이키,민소매 티셔츠 M - 블랙:하이퍼 핑크 / IM6145-011,59000,59000,14,98
일꼬르소,시어서커 하드 트위스트 체크 셔츠 블랙,79200,79200,0,0
무신사 스탠다드 우먼,우먼즈 CR 스트라이프 릴렉스드 긴소매 티셔츠 [올리브],23310,23310,24,100
하이스쿨디스코,플라워 오프숄더 숏슬리브_베이지,33280,33280,1,80
댄꼼마,짱구 닭살커플 반팔 티셔츠 2팩,49900,49900,0,0
쿠톤,폴라리스 롤업 세미크롭 반팔 티셔츠 [버건디],33000,33000,4,90
해비즘,FLOWER APLIQUE RAGLAN L/S TEE(PLUM),42160,42160,0,0
밀리언코르,허쉬 슬리브리스 골지나시 (블루),20300,20300,0,0
어반드레스,Sally V-cut Stripe Layered Short Sleeve_4Colors,34300,34300,10,98
루프,베이직 언발 오프숄더 긴팔티 차콜,58000,58000,0,0
나이키,플렉스 드라이 핏 긴소매 트레이닝 탑 M - 화이트:블랙 / IO1428-100,39000,39000,4,100
무드인사이드 우먼,(woman) 리브드 헨리넥 롱슬리브_6Color,29900,29900,0,0
나이키,스포츠웨어 탱크 탑 M - 블랙 / IM3820-010,46750,46750,0,0
칙스,소프트 거즈 레이어드 오버핏 긴팔 티셔츠,11830,11830,4,86
트릴리온,[기획] 에센셜 CP 이중지 크롭 긴팔티_7color,23900,23900,62,98
나이키,민소매 티셔츠 M - 카모 그린:라이트 아미 / IM6145-303,59000,59000,6,96
에잇세컨즈,체크 라운드칼라 블라우스 와인,40770,40770,2,80
그리쉬,롤업 레이어드 크롭 반팔티 [블랙],27930,27930,2,60
에잇세컨즈,[Disney] 슬림 레귤러핏 그래픽 티셔츠 그레이,25420,25420,6,94
노티카,아치 프레임 로고 티셔츠(3colors) NTS6026,17400,17400,13,96
나이스고스트클럽,JS TOMIE HELLO KITTY TEE_WHITE(NG2GMUT540G),53100,53100,8,100
108파운드,Days Comfort Fit Shirt_White,67640,67640,0,0
무신사 스탠다드,[SSG랜더스 컬래버] 피그먼트 다이드 베이스볼 셔츠 [차콜 그레이],89900,89900,15,100
나이키,민소매 티셔츠 M - 블랙:하이퍼 핑크 / IM6145-011,59000,59000,14,98
일꼬르소,시어서커 하드 트위스트 체크 셔츠 블랙,79200,79200,0,0
무신사 스탠다드 우먼,우먼즈 CR 스트라이프 릴렉스드 긴소매 티셔츠 [올리브],23310,23310,24,100
하이스쿨디스코,플라워 오프숄더 숏슬리브_베이지,33280,33280,1,80
댄꼼마,짱구 닭살커플 반팔 티셔츠 2팩,49900,49900,0,0
쿠톤,폴라리스 롤업 세미크롭 반팔 티셔츠 [버건디],33000,33000,4,90
해비즘,FLOWER APLIQUE RAGLAN L/S TEE(PLUM),42160,42160,0,0
밀리언코르,허쉬 슬리브리스 골지나시 (블루),20300,20300,0,0
어반드레스,Sally V-cut Stripe Layered Short Sleeve_4Colors,34300,34300,10,98
루프,베이직 언발 오프숄더 긴팔티 차콜,58000,58000,0,0
나이키,플렉스 드라이 핏 긴소매 트레이닝 탑 M - 화이트:블랙 / IO1428-100,39000,39000,4,100
무드인사이드 우먼,(woman) 리브드 헨리넥 롱슬리브_6Color,29900,29900,0,0
나이키,스포츠웨어 탱크 탑 M - 블랙 / IM3820-010,46750,46750,0,0
칙스,소프트 거즈 레이어드 오버핏 긴팔 티셔츠,11830,11830,4,86
트릴리온,[기획] 에센셜 CP 이중지 크롭 긴팔티_7color,23900,23900,62,98
나이키,민소매 티셔츠 M - 카모 그린:라이트 아미 / IM6145-303,59000,59000,6,96
에잇세컨즈,체크 라운드칼라 블라우스 와인,40770,40770,2,80
그리쉬,롤업 레이어드 크롭 반팔티 [블랙],27930,27930,2,60
에잇세컨즈,[Disney] 슬림 레귤러핏 그래픽 티셔츠 그레이,25420,25420,6,94
노티카,아치 프레임 로고 티셔츠(3colors) NTS6026,17400,17400,13,96
나이스고스트클럽,JS TOMIE HELLO KITTY TEE_WHITE(NG2GMUT540G),53100,53100,8,100
108파운드,Days Comfort Fit Shirt_White,67640,67640,0,0
무신사 스탠다드,[SSG랜더스 컬래버] 피그먼트 다이드 베이스볼 셔츠 [차콜 그레이],89900,89900,15,100
나이키,민소매 티셔츠 M - 블랙:하이퍼 핑크 / IM6145-011,59000,59000,14,98
일꼬르소,시어서커 하드 트위스트 체크 셔츠 블랙,79200,79200,0,0
무신사 스탠다드 우먼,우먼즈 CR 스트라이프 릴렉스드 긴소매 티셔츠 [올리브],23310,23310,24,100
하이스쿨디스코,플라워 오프숄더 숏슬리브_베이지,33280,33280,1,80
댄꼼마,짱구 닭살커플 반팔 티셔츠 2팩,49900,49900,0,0
쿠톤,폴라리스 롤업 세미크롭 반팔 티셔츠 [버건디],33000,33000,4,90
해비즘,FLOWER APLIQUE RAGLAN L/S TEE(PLUM),42160,42160,0,0
밀리언코르,허쉬 슬리브리스 골지나시 (블루),20300,20300,0,0
어반드레스,Sally V-cut Stripe Layered Short Sleeve_4Colors,34300,34300,10,98
루프,베이직 언발 오프숄더 긴팔티 차콜,58000,58000,0,0
나이키,플렉스 드라이 핏 긴소매 트레이닝 탑 M - 화이트:블랙 / IO1428-100,39000,39000,4,100
무드인사이드 우먼,(woman) 리브드 헨리넥 롱슬리브_6Color,29900,29900,0,0
나이키,스포츠웨어 탱크 탑 M - 블랙 / IM3820-010,46750,46750,0,0
칙스,소프트 거즈 레이어드 오버핏 긴팔 티셔츠,11830,11830,4,86
트릴리온,[기획] 에센셜 CP 이중지 크롭 긴팔티_7color,23900,23900,62,98
나이키,민소매 티셔츠 M - 카모 그린:라이트 아미 / IM6145-303,59000,59000,6,96
에잇세컨즈,체크 라운드칼라 블라우스 와인,40770,40770,2,80
그리쉬,롤업 레이어드 크롭 반팔티 [블랙],27930,27930,2,60
에잇세컨즈,[Disney] 슬림 레귤러핏 그래픽 티셔츠 그레이,25420,25420,6,94
노티카,아치 프레임 로고 티셔츠(3colors) NTS6026,17400,17400,13,96
나이스고스트클럽,JS TOMIE HELLO KITTY TEE_WHITE(NG2GMUT540G),53100,53100,8,100
108파운드,Days Comfort Fit Shirt_White,67640,67640,0,0
무신사 스탠다드,[SSG랜더스 컬래버] 피그먼트 다이드 베이스볼 셔츠 [차콜 그레이],89900,89900,15,100
나이키,민소매 티셔츠 M - 블랙:하이퍼 핑크 / IM6145-011,59000,59000,14,98
일꼬르소,시어서커 하드 트위스트 체크 셔츠 블랙,79200,79200,0,0
무신사 스탠다드 우먼,우먼즈 CR 스트라이프 릴렉스드 긴소매 티셔츠 [올리브],23310,23310,24,100
하이스쿨디스코,플라워 오프숄더 숏슬리브_베이지,33280,33280,1,80
댄꼼마,짱구 닭살커플 반팔 티셔츠 2팩,49900,49900,0,0
쿠톤,폴라리스 롤업 세미크롭 반팔 티셔츠 [버건디],33000,33000,4,90
해비즘,FLOWER APLIQUE RAGLAN L/S TEE(PLUM),42160,42160,0,0
밀리언코르,허쉬 슬리브리스 골지나시 (블루),20300,20300,0,0
어반드레스,Sally V-cut Stripe Layered Short Sleeve_4Colors,34300,34300,10,98
루프,베이직 언발 오프숄더 긴팔티 차콜,58000,58000,0,0
나이키,플렉스 드라이 핏 긴소매 트레이닝 탑 M - 화이트:블랙 / IO1428-100,39000,39000,4,100
무드인사이드 우먼,(woman) 리브드 헨리넥 롱슬리브_6Color,29900,29900,0,0
나이키,스포츠웨어 탱크 탑 M - 블랙 / IM3820-010,46750,46750,0,0
칙스,소프트 거즈 레이어드 오버핏 긴팔 티셔츠,11830,11830,4,86
트릴리온,[기획] 에센셜 CP 이중지 크롭 긴팔티_7color,23900,23900,62,98
나이키,민소매 티셔츠 M - 카모 그린:라이트 아미 / IM6145-303,59000,59000,6,96
에잇세컨즈,체크 라운드칼라 블라우스 와인,40770,40770,2,80
그리쉬,롤업 레이어드 크롭 반팔티 [블랙],27930,27930,2,60
에잇세컨즈,[Disney] 슬림 레귤러핏 그래픽 티셔츠 그레이,25420,25420,6,94
노티카,아치 프레임 로고 티셔츠(3colors) NTS6026,17400,17400,13,96
나이스고스트클럽,JS TOMIE HELLO KITTY TEE_WHITE(NG2GMUT540G),53100,53100,8,100
108파운드,Days Comfort Fit Shirt_White,67640,67640,0,0
무신사 스탠다드,[SSG랜더스 컬래버] 피그먼트 다이드 베이스볼 셔츠 [차콜 그레이],89900,89900,15,100
나이키,민소매 티셔츠 M - 블랙:하이퍼 핑크 / IM6145-011,59000,59000,14,98
일꼬르소,시어서커 하드 트위스트 체크 셔츠 블랙,79200,79200,0,0
무신사 스탠다드 우먼,우먼즈 CR 스트라이프 릴렉스드 긴소매 티셔츠 [올리브],23310,23310,24,100
하이스쿨디스코,플라워 오프숄더 숏슬리브_베이지,33280,33280,1,80
댄꼼마,짱구 닭살커플 반팔 티셔츠 2팩,49900,49900,0,0
쿠톤,폴라리스 롤업 세미크롭 반팔 티셔츠 [버건디],33000,33000,4,90
해비즘,FLOWER APLIQUE RAGLAN L/S TEE(PLUM),42160,42160,0,0
밀리언코르,허쉬 슬리브리스 골지나시 (블루),20300,20300,0,0
어반드레스,Sally V-cut Stripe Layered Short Sleeve_4Colors,34300,34300,10,98
루프,베이직 언발 오프숄더 긴팔티 차콜,58000,58000,0,0
나이키,플렉스 드라이 핏 긴소매 트레이닝 탑 M - 화이트:블랙 / IO1428-100,39000,39000,4,100
무드인사이드 우먼,(woman) 리브드 헨리넥 롱슬리브_6Color,29900,29900,0,0
나이키,스포츠웨어 탱크 탑 M - 블랙 / IM3820-010,46750,46750,0,0
칙스,소프트 거즈 레이어드 오버핏 긴팔 티셔츠,11830,11830,4,86
트릴리온,[기획] 에센셜 CP 이중지 크롭 긴팔티_7color,23900,23900,62,98
나이키,민소매 티셔츠 M - 카모 그린:라이트 아미 / IM6145-303,59000,59000,6,96
에잇세컨즈,체크 라운드칼라 블라우스 와인,40770,40770,2,80
그리쉬,롤업 레이어드 크롭 반팔티 [블랙],27930,27930,2,60
에잇세컨즈,[Disney] 슬림 레귤러핏 그래픽 티셔츠 그레이,25420,25420,6,94
노티카,아치 프레임 로고 티셔츠(3colors) NTS6026,17400,17400,13,96
