제목,링크,요일
나노마신,https://comic.naver.com/webtoon/list?titleId=747271,목
마흔 즈음에,https://comic.naver.com/webtoon/list?titleId=836052,목
육아일기,https://comic.naver.com/webtoon/list?titleId=812354,목
재벌집 막내아들,https://comic.naver.com/webtoon/list?titleId=800770,목
소꿉친구 컴플렉스,https://comic.naver.com/webtoon/list?titleId=822640,목
럭키비치,https://comic.naver.com/webtoon/list?titleId=852498,목
천마육성,https://comic.naver.com/webtoon/list?titleId=776255,목
무사만리행,https://comic.naver.com/webtoon/list?titleId=746857,목
종말에서 살아남기,https://comic.naver.com/webtoon/list?titleId=826321,목
"풍작이에요, 마왕님!",https://comic.naver.com/webtoon/list?titleId=837486,목
홍은영의 이집트 신화,https://comic.naver.com/webtoon/list?titleId=853034,목
할배무사와 지존 손녀,https://comic.naver.com/webtoon/list?titleId=817246,목
먹는 인생2,https://comic.naver.com/webtoon/list?titleId=845271,목
작두,https://comic.naver.com/webtoon/list?titleId=828294,목
오늘의 한요일은 여자다,https://comic.naver.com/webtoon/list?titleId=837504,목
전직지존,https://comic.naver.com/webtoon/list?titleId=852845,목
사시미 한 자루로 아카데미를 씹어먹음,https://comic.naver.com/webtoon/list?titleId=829875,목
무림사채왕,https://comic.naver.com/webtoon/list?titleId=851610,목
현실퀘스트,https://comic.naver.com/webtoon/list?titleId=783888,목
대마법사 커리큘럼,https://comic.naver.com/webtoon/list?titleId=844951,목
사내연애 사절!,https://comic.naver.com/webtoon/list?titleId=814512,목
정글쥬스,https://comic.naver.com/webtoon/list?titleId=762279,목
이과장 생존기,https://comic.naver.com/webtoon/list?titleId=847568,목
회귀한 천재 헌터의 슬기로운 청소생활,https://comic.naver.com/webtoon/list?titleId=796827,목
내향남녀,https://comic.naver.com/webtoon/list?titleId=812629,목
사형집행관,https://comic.naver.com/webtoon/list?titleId=822765,목
국정원 말단직원,https://comic.naver.com/webtoon/list?titleId=847892,목
나의 경험,https://comic.naver.com/webtoon/list?titleId=853278,목
시한부 천재 암흑기사,https://comic.naver.com/webtoon/list?titleId=809625,목
강남싱크,https://comic.naver.com/webtoon/list?titleId=852904,목
같이 장볼래?,https://comic.naver.com/webtoon/list?titleId=850928,목
삼이는 재생한다,https://comic.naver.com/webtoon/list?titleId=822874,목
쿠베라,https://comic.naver.com/webtoon/list?titleId=131385,목
김오진과 이상한 동물들,https://comic.naver.com/webtoon/list?titleId=838262,목
천재 회사원이 선넘으면 생기는일,https://comic.naver.com/webtoon/list?titleId=840902,목
이레즈미 소개팅남,https://comic.naver.com/webtoon/list?titleId=850952,목
배드 본 블러드,https://comic.naver.com/webtoon/list?titleId=833388,목
화림신필,https://comic.naver.com/webtoon/list?titleId=852506,목
최강전설 강해효,https://comic.naver.com/webtoon/list?titleId=570506,목
스캔들 메이커가 돌아왔다,https://comic.naver.com/webtoon/list?titleId=849277,목
용사 카리엘,https://comic.naver.com/webtoon/list?titleId=841236,목
안녕 오목눈이 그리핀!,https://comic.naver.com/webtoon/list?titleId=840358,목
게임 최강 트롤러,https://comic.naver.com/webtoon/list?titleId=801698,목
영혼을 보는 변호사,https://comic.naver.com/webtoon/list?titleId=850022,목
판타지 입소대,https://comic.naver.com/webtoon/list?titleId=845515,목
문과X이과,https://comic.naver.com/webtoon/list?titleId=839913,목
일립예고 학생들,https://comic.naver.com/webtoon/list?titleId=812962,목
종이호랑이,https://comic.naver.com/webtoon/list?titleId=833489,목
전생혈마,https://comic.naver.com/webtoon/list?titleId=837022,목
호수의 백조,https://comic.naver.com/webtoon/list?titleId=851866,목
애무지구,https://comic.naver.com/webtoon/list?titleId=850666,목
최서연의 회피한 날들,https://comic.naver.com/webtoon/list?titleId=842345,목
언더복서,https://comic.naver.com/webtoon/list?titleId=842449,목
사회초년캣,https://comic.naver.com/webtoon/list?titleId=850237,목
폐급연애,https://comic.naver.com/webtoon/list?titleId=843473,목
괴이호텔,https://comic.naver.com/webtoon/list?titleId=849851,목
미모사,https://comic.naver.com/webtoon/list?titleId=842646,목
당신에게 얽힌 채,https://comic.naver.com/webtoon/list?titleId=849879,목
공작가의 남장 하인이 되었다,https://comic.naver.com/webtoon/list?titleId=834512,목
하이클래스,https://comic.naver.com/webtoon/list?titleId=833418,목
고고밍밍고,https://comic.naver.com/webtoon/list?titleId=841824,목
간병동맹,https://comic.naver.com/webtoon/list?titleId=850962,목
경계선,https://comic.naver.com/webtoon/list?titleId=838217,목
신의 요리,https://comic.naver.com/webtoon/list?titleId=838183,목
운명해주세요,https://comic.naver.com/webtoon/list?titleId=835004,목
대타용사,https://comic.naver.com/webtoon/list?titleId=849541,목
붉은 야차,https://comic.naver.com/webtoon/list?titleId=850110,목
숨이 차도 괜찮아,https://comic.naver.com/webtoon/list?titleId=850521,목
이런 게 사랑일리 없어,https://comic.naver.com/webtoon/list?titleId=851709,목
첫눈에 반한 건 아니지만,https://comic.naver.com/webtoon/list?titleId=830637,목
소심한 호랭이 코코,https://comic.naver.com/webtoon/list?titleId=825415,목
사랑이 끝나면 네가 끝난다,https://comic.naver.com/webtoon/list?titleId=849864,목
죽여주는 옆집 남자,https://comic.naver.com/webtoon/list?titleId=847535,목
천만배우의 딸이 되었다,https://comic.naver.com/webtoon/list?titleId=844390,목
좋은 하루 보내,https://comic.naver.com/webtoon/list?titleId=852274,목
최강의 로맨티스트,https://comic.naver.com/webtoon/list?titleId=847996,목
우리를 안아줘,https://comic.naver.com/webtoon/list?titleId=849721,목
이세계 싱글대디,https://comic.naver.com/webtoon/list?titleId=840880,목
컬러리스트,https://comic.naver.com/webtoon/list?titleId=844352,목
그아비에 그아들,https://comic.naver.com/webtoon/list?titleId=849537,목
히든클래스 중력자로 최강을 노린다,https://comic.naver.com/webtoon/list?titleId=817369,목
저승침공,https://comic.naver.com/webtoon/list?titleId=845946,목
본능적인 청혼,https://comic.naver.com/webtoon/list?titleId=843872,목
짐승같은 것들,https://comic.naver.com/webtoon/list?titleId=835925,목
슬라임 증후군,https://comic.naver.com/webtoon/list?titleId=849089,목
우리 아이는 외계인에게 납치됐어요,https://comic.naver.com/webtoon/list?titleId=850212,목
작성자OO,https://comic.naver.com/webtoon/list?titleId=844981,목
오버워치: 하나된 마음,https://comic.naver.com/webtoon/list?titleId=850218,목
아이캣치유,https://comic.naver.com/webtoon/list?titleId=843460,목
염매,https://comic.naver.com/webtoon/list?titleId=840593,목
미로 인 메모리,https://comic.naver.com/webtoon/list?titleId=833040,목
풀 보이,https://comic.naver.com/webtoon/list?titleId=838513,목
수사9단0,https://comic.naver.com/webtoon/list?titleId=832244,목
어느 날 갑자기 최애가 생겼다,https://comic.naver.com/webtoon/list?titleId=837424,목
추억이 찾아오는 가게,https://comic.naver.com/webtoon/list?titleId=827328,목
땅의 기록,https://comic.naver.com/webtoon/list?titleId=849030,목
이기적 동맹,https://comic.naver.com/webtoon/list?titleId=850248,목
내 어디가 좋아?,https://comic.naver.com/webtoon/list?titleId=843042,목
누가 어른 되면 다 된댔어?,https://comic.naver.com/webtoon/list?titleId=823779,목
내가 싫어하는 남자친구,https://comic.naver.com/webtoon/list?titleId=833420,목
최강 매니저,https://comic.naver.com/webtoon/list?titleId=840894,목
수사중 연애금지!,https://comic.naver.com/webtoon/list?titleId=846335,목
내 여자친구는 이세계 용사?!,https://comic.naver.com/webtoon/list?titleId=827902,목
카루나,https://comic.naver.com/webtoon/list?titleId=754876,목
나의 죄,https://comic.naver.com/webtoon/list?titleId=853249,목
절대군림,https://comic.naver.com/webtoon/list?titleId=832677,토
마도전생기,https://comic.naver.com/webtoon/list?titleId=807777,토
만취남녀,https://comic.naver.com/webtoon/list?titleId=846883,토
시든 꽃에 눈물을,https://comic.naver.com/webtoon/list?titleId=827190,토
종말에서 살아남기,https://comic.naver.com/webtoon/list?titleId=826321,토
오늘만 사는 기사,https://comic.naver.com/webtoon/list?titleId=824543,토
킬러 배드로,https://comic.naver.com/webtoon/list?titleId=816798,토
초인의 시대,https://comic.naver.com/webtoon/list?titleId=730694,토
호랑이형님,https://comic.naver.com/webtoon/list?titleId=650305,토
둘째에게,https://comic.naver.com/webtoon/list?titleId=845711,토
짜장 한 그릇에 제갈세가 데릴사위,https://comic.naver.com/webtoon/list?titleId=822114,토
"나태 공자, 노력 천재 되다",https://comic.naver.com/webtoon/list?titleId=772853,토
디펜스 게임의 폭군이 되었다,https://comic.naver.com/webtoon/list?titleId=798182,토
동생 왔다,https://comic.naver.com/webtoon/list?titleId=851503,토
세레나,https://comic.naver.com/webtoon/list?titleId=801475,토
99강화나무몽둥이,https://comic.naver.com/webtoon/list?titleId=792651,토
멸망한 가문의 회귀자,https://comic.naver.com/webtoon/list?titleId=819946,토
귀환했는데 입대 전날이다,https://comic.naver.com/webtoon/list?titleId=807393,토
데이워커,https://comic.naver.com/webtoon/list?titleId=828880,토
환생했더니 대공의 셋째 아들,https://comic.naver.com/webtoon/list?titleId=845380,토
용사파티만화,https://comic.naver.com/webtoon/list?titleId=842647,토
킬러경찰,https://comic.naver.com/webtoon/list?titleId=808439,토
황제의 검,https://comic.naver.com/webtoon/list?titleId=813443,토
플레이어가 과거를 숨김,https://comic.naver.com/webtoon/list?titleId=811707,토
중대장은 실망했다,https://comic.naver.com/webtoon/list?titleId=841639,토
미스 펜들턴,https://comic.naver.com/webtoon/list?titleId=835526,토
나를 바꿔줘,https://comic.naver.com/webtoon/list?titleId=733280,토
나이트런,https://comic.naver.com/webtoon/list?titleId=64997,토
사천패왕,https://comic.naver.com/webtoon/list?titleId=846570,토
지옥도시,https://comic.naver.com/webtoon/list?titleId=842093,토
집구석 절대자,https://comic.naver.com/webtoon/list?titleId=834351,토
우리 길드 아이돌,https://comic.naver.com/webtoon/list?titleId=835557,토
스터디그룹,https://comic.naver.com/webtoon/list?titleId=721948,토
오브차카,https://comic.naver.com/webtoon/list?titleId=846365,토
르르르,https://comic.naver.com/webtoon/list?titleId=844505,토
야매 힐러로 사는 법,https://comic.naver.com/webtoon/list?titleId=808757,토
왕의 힘으로 회귀한다,https://comic.naver.com/webtoon/list?titleId=817958,토
정권으로 세계최강,https://comic.naver.com/webtoon/list?titleId=851800,토
연애 못하면 죽음!,https://comic.naver.com/webtoon/list?titleId=846662,토
멸망한 세계의 취사병,https://comic.naver.com/webtoon/list?titleId=818409,토
무무무,https://comic.naver.com/webtoon/list?titleId=850649,토
마수 사냥꾼이 살아가는 법,https://comic.naver.com/webtoon/list?titleId=848239,토
윌유메리미,https://comic.naver.com/webtoon/list?titleId=616239,토
블랙 옵스,https://comic.naver.com/webtoon/list?titleId=852377,토
마님이네 미국 시골집 이야기,https://comic.naver.com/webtoon/list?titleId=814048,토
회귀자의 은퇴 라이프,https://comic.naver.com/webtoon/list?titleId=814509,토
억만무림,https://comic.naver.com/webtoon/list?titleId=845867,토
철과 얼음의 여정,https://comic.naver.com/webtoon/list?titleId=846781,토
사회초년캣,https://comic.naver.com/webtoon/list?titleId=850237,토
데스루프,https://comic.naver.com/webtoon/list?titleId=852086,토
오싹한 연애,https://comic.naver.com/webtoon/list?titleId=852570,토
엄마는 남자만 좋아해,https://comic.naver.com/webtoon/list?titleId=848901,토
K학원 생존기,https://comic.naver.com/webtoon/list?titleId=823190,토
어글리후드,https://comic.naver.com/webtoon/list?titleId=703630,토
로도스도 전기 : 사령의 여왕,https://comic.naver.com/webtoon/list?titleId=849587,토
과학고 생존일지,https://comic.naver.com/webtoon/list?titleId=841608,토
스쿨 오브 스트릿,https://comic.naver.com/webtoon/list?titleId=822642,토
세상에 나쁜 용사는 없다,https://comic.naver.com/webtoon/list?titleId=833358,토
드블리와 힐링합니다.,https://comic.naver.com/webtoon/list?titleId=850505,토
오사카 환상선,https://comic.naver.com/webtoon/list?titleId=838885,토
문양전,https://comic.naver.com/webtoon/list?titleId=841762,토
남편 도둑,https://comic.naver.com/webtoon/list?titleId=849266,토
냥냥찍찍!,https://comic.naver.com/webtoon/list?titleId=844952,토
연애지옥,https://comic.naver.com/webtoon/list?titleId=846650,토
꽤애액,https://comic.naver.com/webtoon/list?titleId=847483,토
나랑 같이살아,https://comic.naver.com/webtoon/list?titleId=853327,토
조은학생,https://comic.naver.com/webtoon/list?titleId=835189,토
고고농구,https://comic.naver.com/webtoon/list?titleId=845463,토
죽었는데 왜 집착하세요,https://comic.naver.com/webtoon/list?titleId=826529,토
예쁜 개차반,https://comic.naver.com/webtoon/list?titleId=850885,토
로스트 미디어샵 아코드,https://comic.naver.com/webtoon/list?titleId=844728,토
결혼 청약 당첨,https://comic.naver.com/webtoon/list?titleId=851265,토
고교야구 타이쿤,https://comic.naver.com/webtoon/list?titleId=849538,토
장인의 거리,https://comic.naver.com/webtoon/list?titleId=847612,토
복수를 위한 결혼동맹,https://comic.naver.com/webtoon/list?titleId=794161,토
안녕 아기,https://comic.naver.com/webtoon/list?titleId=849928,토
내 호수에 가둔 인어,https://comic.naver.com/webtoon/list?titleId=834391,토
찬란한 유산 단편집,https://comic.naver.com/webtoon/list?titleId=849862,토
설탕에 곁들인 로맨스,https://comic.naver.com/webtoon/list?titleId=840179,토
쌍둥이에게 아내 자리를 빼앗겼다,https://comic.naver.com/webtoon/list?titleId=852058,토
위탁가족!,https://comic.naver.com/webtoon/list?titleId=840736,토
용사참수인,https://comic.naver.com/webtoon/list?titleId=783590,토
꿈의 엔트리,https://comic.naver.com/webtoon/list?titleId=843001,토
우리집에 온 여우들,https://comic.naver.com/webtoon/list?titleId=837101,토
육각,https://comic.naver.com/webtoon/list?titleId=826660,토
공유몽,https://comic.naver.com/webtoon/list?titleId=729047,토
마왕의 채널,https://comic.naver.com/webtoon/list?titleId=845026,토
마법사가 죽음을 맞이하는 방법,https://comic.naver.com/webtoon/list?titleId=786269,토
마왕 마석호,https://comic.naver.com/webtoon/list?titleId=842699,토
나만 최강 초월자,https://comic.naver.com/webtoon/list?titleId=827423,토
말없는 전학생,https://comic.naver.com/webtoon/list?titleId=839102,토
들개전쟁,https://comic.naver.com/webtoon/list?titleId=846820,토
불량순정,https://comic.naver.com/webtoon/list?titleId=849365,토
용사 출연 마왕 연출,https://comic.naver.com/webtoon/list?titleId=847812,토
펫로스클럽,https://comic.naver.com/webtoon/list?titleId=842838,토
내 남자친구는 고양이다옹,https://comic.naver.com/webtoon/list?titleId=846330,토
천 살 연하 황제가 집착한다,https://comic.naver.com/webtoon/list?titleId=821378,토
배고픈 새가 일찍 일어난다,https://comic.naver.com/webtoon/list?titleId=848896,토
짝사랑을 망치고 싶어,https://comic.naver.com/webtoon/list?titleId=841562,토
신이 되겠다,https://comic.naver.com/webtoon/list?titleId=826667,토
"다시, 순정퀘스트",https://comic.naver.com/webtoon/list?titleId=852275,토
결혼파행,https://comic.naver.com/webtoon/list?titleId=850960,토
사신님과 3년 계약,https://comic.naver.com/webtoon/list?titleId=847850,토
그 냉장고 안에서는,https://comic.naver.com/webtoon/list?titleId=843427,토
이매망량,https://comic.naver.com/webtoon/list?titleId=819506,토
S.K.T(Swallow Knights Tales),https://comic.naver.com/webtoon/list?titleId=816817,토
짝사랑 사생결단,https://comic.naver.com/webtoon/list?titleId=849079,토
소마소응,https://comic.naver.com/webtoon/list?titleId=826530,토
동경,https://comic.naver.com/webtoon/list?titleId=842624,토
사운즈 라이크,https://comic.naver.com/webtoon/list?titleId=833041,토
썩어도 혈육,https://comic.naver.com/webtoon/list?titleId=842395,토
행운의 여신,https://comic.naver.com/webtoon/list?titleId=849092,토
동그란 그녀와 소심한 그 남자,https://comic.naver.com/webtoon/list?titleId=812156,토
스트레이 불렛,https://comic.naver.com/webtoon/list?titleId=850708,토
한판,https://comic.naver.com/webtoon/list?titleId=828310,토
빅 샤이닝,https://comic.naver.com/webtoon/list?titleId=847913,토
DARK MOON: 두 개의 달,https://comic.naver.com/webtoon/list?titleId=843898,토
비밀복식클럽,https://comic.naver.com/webtoon/list?titleId=837336,토
청춘 관찰기,https://comic.naver.com/webtoon/list?titleId=844048,토
세이브 디 어스!,https://comic.naver.com/webtoon/list?titleId=840092,토
너랑 걷는 개 좋아,https://comic.naver.com/webtoon/list?titleId=836908,토
백 킥!,https://comic.naver.com/webtoon/list?titleId=849881,토
은애하는 도적님아,https://comic.naver.com/webtoon/list?titleId=846074,토
화산귀환,https://comic.naver.com/webtoon/list?titleId=769209,수
별을 품은 소드마스터,https://comic.naver.com/webtoon/list?titleId=816809,수
종말이 찾아왔다,https://comic.naver.com/webtoon/list?titleId=838002,수
쪽팔려게임,https://comic.naver.com/webtoon/list?titleId=847135,수
싸이코패스 in 무림,https://comic.naver.com/webtoon/list?titleId=846109,수
운명을 보는 회사원,https://comic.naver.com/webtoon/list?titleId=797443,수
천마는 조용히 살고싶다,https://comic.naver.com/webtoon/list?titleId=834502,수
일렉시드,https://comic.naver.com/webtoon/list?titleId=717481,수
썰:관계주의,https://comic.naver.com/webtoon/list?titleId=834033,수
백XX,https://comic.naver.com/webtoon/list?titleId=804862,수
66666년 만에 환생한 흑마법사,https://comic.naver.com/webtoon/list?titleId=775141,수
1등급 싸움과외,https://comic.naver.com/webtoon/list?titleId=821321,수
중간에서 만나,https://comic.naver.com/webtoon/list?titleId=808455,수
미래의 골동품 가게,https://comic.naver.com/webtoon/list?titleId=742105,수
어느 마법사의 식당,https://comic.naver.com/webtoon/list?titleId=818888,수
방구석 재민이,https://comic.naver.com/webtoon/list?titleId=839712,수
왕따가 격투기를 너무 잘함,https://comic.naver.com/webtoon/list?titleId=806888,수
건곤불이기,https://comic.naver.com/webtoon/list?titleId=829211,수
천재는 평범하게 살기로 했더,https://comic.naver.com/webtoon/list?titleId=835042,수
흑사,https://comic.naver.com/webtoon/list?titleId=828170,수
나쁜사람,https://comic.naver.com/webtoon/list?titleId=750184,수
공작님의 아이만 필요합니다,https://comic.naver.com/webtoon/list?titleId=849451,수
멸귀수도전,https://comic.naver.com/webtoon/list?titleId=851689,수
밥먹고가라,https://comic.naver.com/webtoon/list?titleId=838956,수
마교전선 비룡십삼대,https://comic.naver.com/webtoon/list?titleId=842352,수
첩자의 마교생활,https://comic.naver.com/webtoon/list?titleId=836382,수
좋아하면 멍청해진다,https://comic.naver.com/webtoon/list?titleId=850214,수
중대장은 실망했다,https://comic.naver.com/webtoon/list?titleId=841639,수
어린이집 다니는 구나,https://comic.naver.com/webtoon/list?titleId=817945,수
내 분신이 거물이 되어간다,https://comic.naver.com/webtoon/list?titleId=832667,수
끝장,https://comic.naver.com/webtoon/list?titleId=844588,수
표절의혹,https://comic.naver.com/webtoon/list?titleId=846106,수
강철을 먹는 플레이어,https://comic.naver.com/webtoon/list?titleId=814421,수
싸움배달,https://comic.naver.com/webtoon/list?titleId=850079,수
서른의 봄,https://comic.naver.com/webtoon/list?titleId=850933,수
다 때려치고 콜라 팝니다,https://comic.naver.com/webtoon/list?titleId=852631,수
별과 사슬이 뜨는 섬,https://comic.naver.com/webtoon/list?titleId=837100,수
언플러그드 보이,https://comic.naver.com/webtoon/list?titleId=852504,수
쾌변일지,https://comic.naver.com/webtoon/list?titleId=851264,수
신수 유치원,https://comic.naver.com/webtoon/list?titleId=835762,수
해골전령 이야기,https://comic.naver.com/webtoon/list?titleId=842620,수
두 번 사는 프로듀서,https://comic.naver.com/webtoon/list?titleId=780253,수
모닥불 친구들,https://comic.naver.com/webtoon/list?titleId=837439,수
수인 보호소에서 남주를 입양해 버렸다,https://comic.naver.com/webtoon/list?titleId=814599,수
당신의 가격을 알려드립니다,https://comic.naver.com/webtoon/list?titleId=840840,수
칼부림,https://comic.naver.com/webtoon/list?titleId=602916,수
로열패밀리,https://comic.naver.com/webtoon/list?titleId=845917,수
결혼은 당신 형과,https://comic.naver.com/webtoon/list?titleId=835753,수
당골,https://comic.naver.com/webtoon/list?titleId=838215,수
귀령,https://comic.naver.com/webtoon/list?titleId=832095,수
게임에서 남자를 만나지 마세요,https://comic.naver.com/webtoon/list?titleId=845675,수
헬 로그인,https://comic.naver.com/webtoon/list?titleId=853159,수
마님이네 미국 시골집 이야기,https://comic.naver.com/webtoon/list?titleId=814048,수
뽀대작렬,https://comic.naver.com/webtoon/list?titleId=820923,수
사라지게,https://comic.naver.com/webtoon/list?titleId=852270,수
조상님이 보고계셔,https://comic.naver.com/webtoon/list?titleId=850971,수
레모네이드,https://comic.naver.com/webtoon/list?titleId=842899,수
숙녀가 대머리이면 어떻단말인가,https://comic.naver.com/webtoon/list?titleId=853619,수
함부로 길들이지 마시오!,https://comic.naver.com/webtoon/list?titleId=845656,수
두 번 빼앗긴 남편,https://comic.naver.com/webtoon/list?titleId=839880,수
여명의 등불,https://comic.naver.com/webtoon/list?titleId=822109,수
달마건,https://comic.naver.com/webtoon/list?titleId=835801,수
용한소녀,https://comic.naver.com/webtoon/list?titleId=803891,수
완벽한 선배의 Hide!,https://comic.naver.com/webtoon/list?titleId=849742,수
언덕 위의 제임스,https://comic.naver.com/webtoon/list?titleId=671421,수
"양아치, 순애합니다",https://comic.naver.com/webtoon/list?titleId=847748,수
냥냥찍찍!,https://comic.naver.com/webtoon/list?titleId=844952,수
네 이웃을 사랑하라,https://comic.naver.com/webtoon/list?titleId=840540,수
하렘의 남자들,https://comic.naver.com/webtoon/list?titleId=760001,수
우리 커플 아님!,https://comic.naver.com/webtoon/list?titleId=853820,수
경성배달꾼,https://comic.naver.com/webtoon/list?titleId=850967,수
불로남친,https://comic.naver.com/webtoon/list?titleId=852783,수
연애 전공 새내기입니다,https://comic.naver.com/webtoon/list?titleId=852623,수
귀여WAR,https://comic.naver.com/webtoon/list?titleId=845456,수
검은머리 기사왕,https://comic.naver.com/webtoon/list?titleId=846824,수
오늘은 뭐하고 놀까?,https://comic.naver.com/webtoon/list?titleId=842116,수
0의 온도,https://comic.naver.com/webtoon/list?titleId=850650,수
레몬나무숲,https://comic.naver.com/webtoon/list?titleId=848317,수
댄서,https://comic.naver.com/webtoon/list?titleId=848316,수
불완전 자매,https://comic.naver.com/webtoon/list?titleId=850656,수
철릉고등학교,https://comic.naver.com/webtoon/list?titleId=848318,수
찬란한 유산 단편집,https://comic.naver.com/webtoon/list?titleId=849862,수
카르텔,https://comic.naver.com/webtoon/list?titleId=849144,수
홀아비,https://comic.naver.com/webtoon/list?titleId=845154,수
마누의 딸들,https://comic.naver.com/webtoon/list?titleId=841087,수
일곱 번째 의뢰인,https://comic.naver.com/webtoon/list?titleId=850210,수
은빛 눈이 반짝이던,https://comic.naver.com/webtoon/list?titleId=853653,수
아이스크림 소년,https://comic.naver.com/webtoon/list?titleId=834349,수
아가씨는 못말려,https://comic.naver.com/webtoon/list?titleId=843869,수
나태한 마왕은 신과 싸우기로 결심한다.,https://comic.naver.com/webtoon/list?titleId=826853,수
비인간서사,https://comic.naver.com/webtoon/list?titleId=849747,수
더킹,https://comic.naver.com/webtoon/list?titleId=851029,수
반짝반짝 작은 눈,https://comic.naver.com/webtoon/list?titleId=772729,수
스톤에이지,https://comic.naver.com/webtoon/list?titleId=849283,수
멸종위기종인간,https://comic.naver.com/webtoon/list?titleId=791892,수
어시스턴트,https://comic.naver.com/webtoon/list?titleId=839587,수
양아치와 조폭아가씨,https://comic.naver.com/webtoon/list?titleId=840949,수
유사품에 주의하세요,https://comic.naver.com/webtoon/list?titleId=838943,수
향기로운 계약관계,https://comic.naver.com/webtoon/list?titleId=847910,수
더 스트리머,https://comic.naver.com/webtoon/list?titleId=851409,수
레베카의 기도,https://comic.naver.com/webtoon/list?titleId=834987,수
낙화의별,https://comic.naver.com/webtoon/list?titleId=843318,수
데드포인트,https://comic.naver.com/webtoon/list?titleId=830004,수
털썩...너에게 반해버렸달까?,https://comic.naver.com/webtoon/list?titleId=844559,수
1등을 위해,https://comic.naver.com/webtoon/list?titleId=841826,수
포비든 플레저,https://comic.naver.com/webtoon/list?titleId=843209,수
우리애 대한,https://comic.naver.com/webtoon/list?titleId=848028,수
광마회귀,https://comic.naver.com/webtoon/list?titleId=776601,금
오! 나의 교주님,https://comic.naver.com/webtoon/list?titleId=841624,금
외모지상주의,https://comic.naver.com/webtoon/list?titleId=641253,금
나 혼자 만렙 뉴비,https://comic.naver.com/webtoon/list?titleId=773797,금
상남자,https://comic.naver.com/webtoon/list?titleId=751168,금
사신,https://comic.naver.com/webtoon/list?titleId=799837,금
나 혼자 탑에서 농사,https://comic.naver.com/webtoon/list?titleId=808389,금
두 얼굴,https://comic.naver.com/webtoon/list?titleId=845646,금
아카데미에서 살아남기,https://comic.naver.com/webtoon/list?titleId=820097,금
네가 사는 그 집,https://comic.naver.com/webtoon/list?titleId=842465,금
그리디,https://comic.naver.com/webtoon/list?titleId=845919,금
A.I. 닥터,https://comic.naver.com/webtoon/list?titleId=765804,금
악당들의 후원자가 되었다,https://comic.naver.com/webtoon/list?titleId=844063,금
천하제일 대사형,https://comic.naver.com/webtoon/list?titleId=802278,금
신마 환생,https://comic.naver.com/webtoon/list?titleId=843194,금
1초,https://comic.naver.com/webtoon/list?titleId=725586,금
마왕인데 용사가 너무 많음,https://comic.naver.com/webtoon/list?titleId=845002,금
곤륜에 용이 산다,https://comic.naver.com/webtoon/list?titleId=852601,금
현질무신,https://comic.naver.com/webtoon/list?titleId=849031,금
여우놀이,https://comic.naver.com/webtoon/list?titleId=768469,금
히든 특성 13개 들고 시작한다,https://comic.naver.com/webtoon/list?titleId=844731,금
홍색인간,https://comic.naver.com/webtoon/list?titleId=852170,금
고독살인,https://comic.naver.com/webtoon/list?titleId=850749,금
용사파티만화,https://comic.naver.com/webtoon/list?titleId=842647,금
열렙전사 3부,https://comic.naver.com/webtoon/list?titleId=817032,금
"언니, 이번 생엔 내가 왕비야",https://comic.naver.com/webtoon/list?titleId=798917,금
연상녀클럽,https://comic.naver.com/webtoon/list?titleId=851476,금
연애의 기록,https://comic.naver.com/webtoon/list?titleId=803792,금
문제적 왕자님,https://comic.naver.com/webtoon/list?titleId=800046,금
검술명가의 네크로맨서,https://comic.naver.com/webtoon/list?titleId=850499,금
커플이상 부부미만,https://comic.naver.com/webtoon/list?titleId=850026,금
아티팩트 먹는 플레이어,https://comic.naver.com/webtoon/list?titleId=836683,금
가장 썩은 것을 줄게,https://comic.naver.com/webtoon/list?titleId=821814,금
반로환동한 천마의 마경방송,https://comic.naver.com/webtoon/list?titleId=851642,금
이세계 영주가 밥을 잘 먹임,https://comic.naver.com/webtoon/list?titleId=847782,금
말년용사,https://comic.naver.com/webtoon/list?titleId=773916,금
펜홀더,https://comic.naver.com/webtoon/list?titleId=814587,금
천재소녀가 무림공적을 숨김,https://comic.naver.com/webtoon/list?titleId=843838,금
사자의 서,https://comic.naver.com/webtoon/list?titleId=823737,금
그랬더니 남친임니다,https://comic.naver.com/webtoon/list?titleId=853326,금
생활의 참견 2 : 지금은 가족시절,https://comic.naver.com/webtoon/list?titleId=849676,금
보이스피싱인데 인생역전,https://comic.naver.com/webtoon/list?titleId=830144,금
하는 사이,https://comic.naver.com/webtoon/list?titleId=823437,금
시간제 부부,https://comic.naver.com/webtoon/list?titleId=841499,금
히어로 킬러,https://comic.naver.com/webtoon/list?titleId=766563,금
가난한 영지의 주인이 되어 버렸다,https://comic.naver.com/webtoon/list?titleId=853073,금
구야는 신입,https://comic.naver.com/webtoon/list?titleId=828167,금
싸움 1티어 과외 쌤 구하기,https://comic.naver.com/webtoon/list?titleId=852547,금
아포칼립스를 걷는 우체부,https://comic.naver.com/webtoon/list?titleId=847306,금
범상한 변호사의 아공간,https://comic.naver.com/webtoon/list?titleId=839007,금
남편은 한 명으로 족하다,https://comic.naver.com/webtoon/list?titleId=823773,금
시체들의 전쟁,https://comic.naver.com/webtoon/list?titleId=836651,금
공동급식구역,https://comic.naver.com/webtoon/list?titleId=817927,금
개집사,https://comic.naver.com/webtoon/list?titleId=828292,금
나랑 한판,https://comic.naver.com/webtoon/list?titleId=848874,금
죽음은 잠 못 이루고,https://comic.naver.com/webtoon/list?titleId=848496,금
브레이커즈,https://comic.naver.com/webtoon/list?titleId=841810,금
7황자는 애매해서 탈출합니다,https://comic.naver.com/webtoon/list?titleId=850682,금
박제,https://comic.naver.com/webtoon/list?titleId=846363,금
감히 바라옵건대,https://comic.naver.com/webtoon/list?titleId=842215,금
두근두근 대작전,https://comic.naver.com/webtoon/list?titleId=845717,금
고구려 태왕미천,https://comic.naver.com/webtoon/list?titleId=838875,금
가장 위대한 마술사,https://comic.naver.com/webtoon/list?titleId=848576,금
여동생은 오늘 밤 나를 간택한다,https://comic.naver.com/webtoon/list?titleId=822557,금
미술 연작,https://comic.naver.com/webtoon/list?titleId=853280,금
죽여주는 캐스팅,https://comic.naver.com/webtoon/list?titleId=843866,금
사탄의 순애,https://comic.naver.com/webtoon/list?titleId=845378,금
온리호프,https://comic.naver.com/webtoon/list?titleId=800796,금
초등생활 그림일기,https://comic.naver.com/webtoon/list?titleId=827863,금
성북구 비둘기 이헌서,https://comic.naver.com/webtoon/list?titleId=826580,금
첫정,https://comic.naver.com/webtoon/list?titleId=844061,금
피도 눈물도 없는 용사,https://comic.naver.com/webtoon/list?titleId=839715,금
그냥 선생님,https://comic.naver.com/webtoon/list?titleId=804333,금
와인파티에서 순애찾기,https://comic.naver.com/webtoon/list?titleId=845004,금
인간천적,https://comic.naver.com/webtoon/list?titleId=840508,금
너를 울린 비밀,https://comic.naver.com/webtoon/list?titleId=851715,금
몽홀,https://comic.naver.com/webtoon/list?titleId=644112,금
미드우트,https://comic.naver.com/webtoon/list?titleId=800006,금
신비아파트,https://comic.naver.com/webtoon/list?titleId=847138,금
암살청과,https://comic.naver.com/webtoon/list?titleId=823070,금
소곤소곤2,https://comic.naver.com/webtoon/list?titleId=818401,금
미운오리새끼,https://comic.naver.com/webtoon/list?titleId=839542,금
만두 생활기록부,https://comic.naver.com/webtoon/list?titleId=835089,금
북설애담,https://comic.naver.com/webtoon/list?titleId=827578,금
소년경찰,https://comic.naver.com/webtoon/list?titleId=834417,금
다이어트 워리어,https://comic.naver.com/webtoon/list?titleId=840706,금
"빚, 나는 연인",https://comic.naver.com/webtoon/list?titleId=849749,금
뼈왕,https://comic.naver.com/webtoon/list?titleId=816913,금
세상 사람들이 모두가 고양이라면,https://comic.naver.com/webtoon/list?titleId=850657,금
지옥 최강 마금강,https://comic.naver.com/webtoon/list?titleId=850745,금
만약은 없다,https://comic.naver.com/webtoon/list?titleId=850976,금
수풀사이로,https://comic.naver.com/webtoon/list?titleId=844535,금
아라드의 빛: 먼저 걷는 자,https://comic.naver.com/webtoon/list?titleId=827759,금
당신의 사랑,https://comic.naver.com/webtoon/list?titleId=819647,금
"바리, 별을 깨운 천둥",https://comic.naver.com/webtoon/list?titleId=843430,금
절세미남 망나니 해골 되다,https://comic.naver.com/webtoon/list?titleId=828337,금
우리집 로미오,https://comic.naver.com/webtoon/list?titleId=842321,금
청소요원,https://comic.naver.com/webtoon/list?titleId=841792,금
죽지 말아 줘!,https://comic.naver.com/webtoon/list?titleId=847441,금
이름 사이 공백,https://comic.naver.com/webtoon/list?titleId=846301,금
타임머신 만들기,https://comic.naver.com/webtoon/list?titleId=842903,금
프라이팬: 툴 마스터,https://comic.naver.com/webtoon/list?titleId=846337,금
내가 죽인 전남편과 재혼하겠습니다,https://comic.naver.com/webtoon/list?titleId=849684,금
신이 내린 탑스타,https://comic.naver.com/webtoon/list?titleId=829710,금
완벽한 게 다인,https://comic.naver.com/webtoon/list?titleId=841767,금
조선 개스키,https://comic.naver.com/webtoon/list?titleId=848861,금
아이돌리,https://comic.naver.com/webtoon/list?titleId=840875,금
합법해적 파르페,https://comic.naver.com/webtoon/list?titleId=729036,금
우리는 후라이족,https://comic.naver.com/webtoon/list?titleId=818360,금
킬링 달링 베이비-잉♡,https://comic.naver.com/webtoon/list?titleId=847842,금
후키,https://comic.naver.com/webtoon/list?titleId=850943,금
백년게임,https://comic.naver.com/webtoon/list?titleId=751999,금
도원향,https://comic.naver.com/webtoon/list?titleId=848864,금
나의 모르는 여자친구,https://comic.naver.com/webtoon/list?titleId=841923,금
원타이머,https://comic.naver.com/webtoon/list?titleId=845862,금
육아일기,https://comic.naver.com/webtoon/list?titleId=812354,일
범죄도시0,https://comic.naver.com/webtoon/list?titleId=848000,일
럭키비치,https://comic.naver.com/webtoon/list?titleId=852498,일
권왕환생,https://comic.naver.com/webtoon/list?titleId=839568,일
인간의 식탁,https://comic.naver.com/webtoon/list?titleId=852761,일
2회차 환관이 남성을 되찾음,https://comic.naver.com/webtoon/list?titleId=832566,일
태존비록,https://comic.naver.com/webtoon/list?titleId=840687,일
프롤로그에서 30년이 흘렀다,https://comic.naver.com/webtoon/list?titleId=852765,일
어린 아내와 나쁜 짓,https://comic.naver.com/webtoon/list?titleId=851385,일
모든걸 기억하는 천재무사,https://comic.naver.com/webtoon/list?titleId=849611,일
일타강사 백사부,https://comic.naver.com/webtoon/list?titleId=779632,일
시루/24/1km,https://comic.naver.com/webtoon/list?titleId=850068,일
아카데미의 천재칼잡이,https://comic.naver.com/webtoon/list?titleId=813564,일
축구천재로 오해받는 중입니다,https://comic.naver.com/webtoon/list?titleId=835119,일
하남자의 탑 공략법,https://comic.naver.com/webtoon/list?titleId=845508,일
용사파티만화,https://comic.naver.com/webtoon/list?titleId=842647,일
환생좌,https://comic.naver.com/webtoon/list?titleId=819912,일
세상에 나쁜 영애는 없다,https://comic.naver.com/webtoon/list?titleId=846779,일
천재 무림 트레이너,https://comic.naver.com/webtoon/list?titleId=824295,일
부활소년,https://comic.naver.com/webtoon/list?titleId=848075,일
맹종,https://comic.naver.com/webtoon/list?titleId=850546,일
너만 보인단 말이야,https://comic.naver.com/webtoon/list?titleId=849279,일
같이 장볼래?,https://comic.naver.com/webtoon/list?titleId=850928,일
용사보다 너무 강해서 힘을 숨김,https://comic.naver.com/webtoon/list?titleId=814213,일
해시태그는 첫사랑,https://comic.naver.com/webtoon/list?titleId=844730,일
소녀바둑,https://comic.naver.com/webtoon/list?titleId=842839,일
천도박멸,https://comic.naver.com/webtoon/list?titleId=852078,일
재벌의 품격,https://comic.naver.com/webtoon/list?titleId=823025,일
"20 중반, 성공이란 무엇인가",https://comic.naver.com/webtoon/list?titleId=843922,일
장풍전,https://comic.naver.com/webtoon/list?titleId=789966,일
이레즈미 소개팅남,https://comic.naver.com/webtoon/list?titleId=850952,일
내 최애는 막차를 탄다,https://comic.naver.com/webtoon/list?titleId=834896,일
양아치의 첫사랑,https://comic.naver.com/webtoon/list?titleId=844812,일
고대동물기,https://comic.naver.com/webtoon/list?titleId=835910,일
레드셔츠,https://comic.naver.com/webtoon/list?titleId=838553,일
소년교도소,https://comic.naver.com/webtoon/list?titleId=827335,일
위닝샷!,https://comic.naver.com/webtoon/list?titleId=778578,일
솔플의 제왕,https://comic.naver.com/webtoon/list?titleId=837506,일
서바이브,https://comic.naver.com/webtoon/list?titleId=838594,일
아리도록,https://comic.naver.com/webtoon/list?titleId=849736,일
아마도 무적불패,https://comic.naver.com/webtoon/list?titleId=834396,일
흉가에 들어가면 안되는 이유,https://comic.naver.com/webtoon/list?titleId=834250,일
살인 알고리즘,https://comic.naver.com/webtoon/list?titleId=853270,일
괴물 천재선수들이 날 너무 좋아함,https://comic.naver.com/webtoon/list?titleId=843901,일
화스트 페이스,https://comic.naver.com/webtoon/list?titleId=847905,일
마탑의 문제아들,https://comic.naver.com/webtoon/list?titleId=837812,일
그레이마크,https://comic.naver.com/webtoon/list?titleId=829462,일
원 앤 온리,https://comic.naver.com/webtoon/list?titleId=838102,일
구운몽 제로,https://comic.naver.com/webtoon/list?titleId=840163,일
빌런의 프로파일러,https://comic.naver.com/webtoon/list?titleId=839959,일
남주의 정석,https://comic.naver.com/webtoon/list?titleId=827323,일
숨쉬지마,https://comic.naver.com/webtoon/list?titleId=841941,일
상사불상사,https://comic.naver.com/webtoon/list?titleId=814820,일
경자 전성시대,https://comic.naver.com/webtoon/list?titleId=769658,일
용사생활기록부,https://comic.naver.com/webtoon/list?titleId=840332,일
밀실남녀,https://comic.naver.com/webtoon/list?titleId=851705,일
두근두근 귀연시,https://comic.naver.com/webtoon/list?titleId=836426,일
공정거래위원회,https://comic.naver.com/webtoon/list?titleId=837139,일
남들 로판 여주 할 때 나는 장롱 괴물 됨,https://comic.naver.com/webtoon/list?titleId=852333,일
리히트,https://comic.naver.com/webtoon/list?titleId=853411,일
고덕춘의 푸드트럭,https://comic.naver.com/webtoon/list?titleId=844982,일
사이코패스 흑막과 파혼하는 50가지 방법,https://comic.naver.com/webtoon/list?titleId=847615,일
모럴리스 스캔들,https://comic.naver.com/webtoon/list?titleId=838705,일
논 투아,https://comic.naver.com/webtoon/list?titleId=843754,일
던전짐꾼,https://comic.naver.com/webtoon/list?titleId=835423,일
와인의 신,https://comic.naver.com/webtoon/list?titleId=852403,일
과학고 사변,https://comic.naver.com/webtoon/list?titleId=849907,일
연산군의 셰프로 살아남기,https://comic.naver.com/webtoon/list?titleId=842674,일
아무래도 결혼을 잘못한 것 같다,https://comic.naver.com/webtoon/list?titleId=817122,일
첫 고백,https://comic.naver.com/webtoon/list?titleId=840969,일
심검의 용사,https://comic.naver.com/webtoon/list?titleId=839585,일
청춘정식,https://comic.naver.com/webtoon/list?titleId=839992,일
오리짱!,https://comic.naver.com/webtoon/list?titleId=842892,일
덤벙덤벙 내인생,https://comic.naver.com/webtoon/list?titleId=841876,일
무능력자,https://comic.naver.com/webtoon/list?titleId=821085,일
나는 참지 못한다,https://comic.naver.com/webtoon/list?titleId=823476,일
사내 계약 연애,https://comic.naver.com/webtoon/list?titleId=842148,일
"아임 파인 땡큐, 앤유?",https://comic.naver.com/webtoon/list?titleId=829495,일
뼈삼촌,https://comic.naver.com/webtoon/list?titleId=850220,일
미래의 할 일,https://comic.naver.com/webtoon/list?titleId=852611,일
악몽무당,https://comic.naver.com/webtoon/list?titleId=853837,일
헤이트걸,https://comic.naver.com/webtoon/list?titleId=851934,일
빙의자 베네핏이 없음,https://comic.naver.com/webtoon/list?titleId=835066,일
중사의 드래곤,https://comic.naver.com/webtoon/list?titleId=851032,일
몰락 끝에 네가 있다,https://comic.naver.com/webtoon/list?titleId=850503,일
죽거나 혹은 사랑에 빠지거나,https://comic.naver.com/webtoon/list?titleId=819696,일
그 애의 교환일기,https://comic.naver.com/webtoon/list?titleId=848297,일
감정전이,https://comic.naver.com/webtoon/list?titleId=832317,일
악마 임시 보호 중!,https://comic.naver.com/webtoon/list?titleId=849730,일
악녀의 시집살이는 즐겁다,https://comic.naver.com/webtoon/list?titleId=853972,일
구제는 없다,https://comic.naver.com/webtoon/list?titleId=849026,일
살인예정자,https://comic.naver.com/webtoon/list?titleId=834765,일
사랑 안 해!,https://comic.naver.com/webtoon/list?titleId=843128,일
수사중 연애금지!,https://comic.naver.com/webtoon/list?titleId=846335,일
미스테리 쇼크,https://comic.naver.com/webtoon/list?titleId=848103,일
마녀의 눈물은 독이 된다,https://comic.naver.com/webtoon/list?titleId=844240,일
우리의 공백,https://comic.naver.com/webtoon/list?titleId=836948,일
챗윗미,https://comic.naver.com/webtoon/list?titleId=849349,일
7m,https://comic.naver.com/webtoon/list?titleId=848732,일
Mickey x F1 정상을 향한 질주,https://comic.naver.com/webtoon/list?titleId=849113,일
방문을 열면 그곳엔 괴물,https://comic.naver.com/webtoon/list?titleId=845387,일
신체,https://comic.naver.com/webtoon/list?titleId=844058,월
참교육,https://comic.naver.com/webtoon/list?titleId=758037,월
환생천마,https://comic.naver.com/webtoon/list?titleId=822657,월
샤MONEY즘,https://comic.naver.com/webtoon/list?titleId=840014,월
시한부 천재가 살아남는 법,https://comic.naver.com/webtoon/list?titleId=832703,월
절대검감,https://comic.naver.com/webtoon/list?titleId=796075,월
백수세끼,https://comic.naver.com/webtoon/list?titleId=733074,월
귀촌리,https://comic.naver.com/webtoon/list?titleId=822573,월
소녀의 세계,https://comic.naver.com/webtoon/list?titleId=654774,월
똑 닮은 딸,https://comic.naver.com/webtoon/list?titleId=774866,월
파브르 in 사천당가,https://comic.naver.com/webtoon/list?titleId=833702,월
먹는 인생2,https://comic.naver.com/webtoon/list?titleId=845271,월
계속 써도 돈이 쌓임,https://comic.naver.com/webtoon/list?titleId=851687,월
시리도록 불꽃처럼,https://comic.naver.com/webtoon/list?titleId=834686,월
회귀한 공작가의 막내도련님은 암살자,https://comic.naver.com/webtoon/list?titleId=821195,월
청부입학,https://comic.naver.com/webtoon/list?titleId=851688,월
천재 타자가 강속구를 숨김,https://comic.naver.com/webtoon/list?titleId=807775,월
아포칼립스에 집을 숨김,https://comic.naver.com/webtoon/list?titleId=825332,월
변경백의 10클래스 망나니,https://comic.naver.com/webtoon/list?titleId=849510,월
영업 천재가 되었다,https://comic.naver.com/webtoon/list?titleId=818780,월
세림의 철칙,https://comic.naver.com/webtoon/list?titleId=852516,월
수상한 다이어트 클럽,https://comic.naver.com/webtoon/list?titleId=821626,월
그린스킨,https://comic.naver.com/webtoon/list?titleId=851187,월
신화급 귀속 아이템을 손에 넣었다,https://comic.naver.com/webtoon/list?titleId=795297,월
다정한 침입자,https://comic.naver.com/webtoon/list?titleId=840839,월
검 먹는 소드마스터,https://comic.naver.com/webtoon/list?titleId=845918,월
조선야차,https://comic.naver.com/webtoon/list?titleId=850109,월
대공비가 체질입니다,https://comic.naver.com/webtoon/list?titleId=841126,월
우주천마 3077,https://comic.naver.com/webtoon/list?titleId=829195,월
어린이집 다니는 구나,https://comic.naver.com/webtoon/list?titleId=817945,월
망플루언서,https://comic.naver.com/webtoon/list?titleId=850526,월
중세 판타지 속 망나니 경비조장,https://comic.naver.com/webtoon/list?titleId=831416,월
고블린 주식회사,https://comic.naver.com/webtoon/list?titleId=852571,월
이혼자녀,https://comic.naver.com/webtoon/list?titleId=846616,월
좀비묵시록 82-08,https://comic.naver.com/webtoon/list?titleId=814742,월
빌런의 순정,https://comic.naver.com/webtoon/list?titleId=845531,월
장편단편선,https://comic.naver.com/webtoon/list?titleId=843310,월
상사폭행,https://comic.naver.com/webtoon/list?titleId=849297,월
연애리뷰,https://comic.naver.com/webtoon/list?titleId=835082,월
생존지상주의,https://comic.naver.com/webtoon/list?titleId=853709,월
"정신 차려, 전승연",https://comic.naver.com/webtoon/list?titleId=832243,월
포도가 익기 전에,https://comic.naver.com/webtoon/list?titleId=843017,월
시간을 돌아온 황후의 납치 결혼,https://comic.naver.com/webtoon/list?titleId=834548,월
구야는 신입,https://comic.naver.com/webtoon/list?titleId=828167,월
프레스턴 경의 비밀 가정교사,https://comic.naver.com/webtoon/list?titleId=848884,월
피폐물을 힐링물로 만드는 방법,https://comic.naver.com/webtoon/list?titleId=826381,월
히어로메이커,https://comic.naver.com/webtoon/list?titleId=21815,월
강아지별,https://comic.naver.com/webtoon/list?titleId=843129,월
비공식 CC,https://comic.naver.com/webtoon/list?titleId=851431,월
세상도 구해본 놈이 잘 구한다,https://comic.naver.com/webtoon/list?titleId=845832,월
더블클릭,https://comic.naver.com/webtoon/list?titleId=769663,월
해피 페이스,https://comic.naver.com/webtoon/list?titleId=838569,월
나의 연애 참견자,https://comic.naver.com/webtoon/list?titleId=844840,월
라서드,https://comic.naver.com/webtoon/list?titleId=756140,월
개같이 탈출,https://comic.naver.com/webtoon/list?titleId=814594,월
페일 블루 아이즈,https://comic.naver.com/webtoon/list?titleId=849898,월
K학원 생존기,https://comic.naver.com/webtoon/list?titleId=823190,월
첩보원 악어새,https://comic.naver.com/webtoon/list?titleId=843425,월
애드립의 신,https://comic.naver.com/webtoon/list?titleId=848578,월
1인칭 혈육시점,https://comic.naver.com/webtoon/list?titleId=850236,월
돌아온 여름에게,https://comic.naver.com/webtoon/list?titleId=839539,월
기로의 밤,https://comic.naver.com/webtoon/list?titleId=853687,월
부활성녀,https://comic.naver.com/webtoon/list?titleId=853115,월
제국 최고의 악녀를 사랑하게 되었습니다,https://comic.naver.com/webtoon/list?titleId=833908,월
모솔대첩,https://comic.naver.com/webtoon/list?titleId=833596,월
남4친,https://comic.naver.com/webtoon/list?titleId=841069,월
나의 다정에게,https://comic.naver.com/webtoon/list?titleId=844388,월
오늘은 뭐하고 놀까?,https://comic.naver.com/webtoon/list?titleId=842116,월
킬링가드,https://comic.naver.com/webtoon/list?titleId=853116,월
함부로 친절하지 말라,https://comic.naver.com/webtoon/list?titleId=821095,월
요리사가 되고 싶은 천마님,https://comic.naver.com/webtoon/list?titleId=823536,월
마귀공주,https://comic.naver.com/webtoon/list?titleId=852115,월
언스탯,https://comic.naver.com/webtoon/list?titleId=846057,월
기생번식,https://comic.naver.com/webtoon/list?titleId=845885,월
마왕의 빛나는 별,https://comic.naver.com/webtoon/list?titleId=843072,월
공주는 헬스장에 간다,https://comic.naver.com/webtoon/list?titleId=852173,월
빌,https://comic.naver.com/webtoon/list?titleId=845728,월
어떻게 용사 이름이 아아아아,https://comic.naver.com/webtoon/list?titleId=842370,월
양심과외,https://comic.naver.com/webtoon/list?titleId=847903,월
헤어져서 팝니다,https://comic.naver.com/webtoon/list?titleId=850709,월
위험하지 않아요 NPC씨,https://comic.naver.com/webtoon/list?titleId=828365,월
누가 죄인인가,https://comic.naver.com/webtoon/list?titleId=846782,월
Lv.99 흑염의 프린세스,https://comic.naver.com/webtoon/list?titleId=838075,월
NPC를 죽였다,https://comic.naver.com/webtoon/list?titleId=846079,월
오매불망,https://comic.naver.com/webtoon/list?titleId=849508,월
게임마스터,https://comic.naver.com/webtoon/list?titleId=832104,월
뻐꾸기는 운다,https://comic.naver.com/webtoon/list?titleId=850661,월
불완전한 이혼의 결말,https://comic.naver.com/webtoon/list?titleId=838556,월
아가씨는 못말려,https://comic.naver.com/webtoon/list?titleId=843869,월
프로젝트 마르스,https://comic.naver.com/webtoon/list?titleId=837999,월
코너트 성 집사로 살아남기,https://comic.naver.com/webtoon/list?titleId=844064,월
네 앞에서만 부끄러운 나는,https://comic.naver.com/webtoon/list?titleId=845496,월
지유지요,https://comic.naver.com/webtoon/list?titleId=838532,월
머저리 M수생,https://comic.naver.com/webtoon/list?titleId=845214,월
반도대탈출,https://comic.naver.com/webtoon/list?titleId=851869,월
꽃과 재,https://comic.naver.com/webtoon/list?titleId=848711,월
나의 보이소프렌드,https://comic.naver.com/webtoon/list?titleId=819698,월
한국에서 히어로 하기 힘들더라,https://comic.naver.com/webtoon/list?titleId=829666,월
최강고,https://comic.naver.com/webtoon/list?titleId=845837,월
너의 완두콩을 먹고 싶어!,https://comic.naver.com/webtoon/list?titleId=839082,월
아직 제목 없음,https://comic.naver.com/webtoon/list?titleId=831547,월
"28, 청춘!",https://comic.naver.com/webtoon/list?titleId=853838,월
달로 만든 아이,https://comic.naver.com/webtoon/list?titleId=784107,월
주희의 주위,https://comic.naver.com/webtoon/list?titleId=849058,월
솔로스쿨,https://comic.naver.com/webtoon/list?titleId=824208,월
귀신이 곡할 노릇,https://comic.naver.com/webtoon/list?titleId=849480,월
비터사이드 크렌베리스,https://comic.naver.com/webtoon/list?titleId=841755,월
데빌 캐피탈,https://comic.naver.com/webtoon/list?titleId=846866,월
웅녀님이 보우하사,https://comic.naver.com/webtoon/list?titleId=842322,월
철이 없어서 그래,https://comic.naver.com/webtoon/list?titleId=847435,월
슬로우 다이브,https://comic.naver.com/webtoon/list?titleId=839087,월
유체를 이탈하였습니다,https://comic.naver.com/webtoon/list?titleId=851839,월
좋아하면 닮는댔어,https://comic.naver.com/webtoon/list?titleId=842184,월
연애복붙,https://comic.naver.com/webtoon/list?titleId=833414,월
김부장,https://comic.naver.com/webtoon/list?titleId=783053,화
절대회귀,https://comic.naver.com/webtoon/list?titleId=828715,화
오! 나의 교주님,https://comic.naver.com/webtoon/list?titleId=841624,화
회귀한 용병은 다 계획이 있다,https://comic.naver.com/webtoon/list?titleId=832557,화
44교시 생존수업,https://comic.naver.com/webtoon/list?titleId=836848,화
예쁨 컬렉션,https://comic.naver.com/webtoon/list?titleId=844519,화
내가 키운 S급들,https://comic.naver.com/webtoon/list?titleId=784248,화
포그랜드,https://comic.naver.com/webtoon/list?titleId=843116,화
염라강림,https://comic.naver.com/webtoon/list?titleId=818192,화
멸망 이후의 세계,https://comic.naver.com/webtoon/list?titleId=789979,화
중증외상센터 : 외과의사 백강혁,https://comic.naver.com/webtoon/list?titleId=835736,화
양치기 마법사,https://comic.naver.com/webtoon/list?titleId=848349,화
백작가의 비밀스런 시녀님,https://comic.naver.com/webtoon/list?titleId=830106,화
사신소년,https://comic.naver.com/webtoon/list?titleId=730656,화
동생 왔다,https://comic.naver.com/webtoon/list?titleId=851503,화
아카데미 플레이어를 죽였다,https://comic.naver.com/webtoon/list?titleId=818434,화
이섭의 연애,https://comic.naver.com/webtoon/list?titleId=813454,화
천마는 평범하게 살 수 없다,https://comic.naver.com/webtoon/list?titleId=774358,화
분신,https://comic.naver.com/webtoon/list?titleId=845407,화
불꽃,https://comic.naver.com/webtoon/list?titleId=847033,화
하수전설,https://comic.naver.com/webtoon/list?titleId=850653,화
벙커의 낮,https://comic.naver.com/webtoon/list?titleId=846643,화
내가 죽인 드래곤과 결혼했다,https://comic.naver.com/webtoon/list?titleId=852628,화
전리품 공작부인,https://comic.naver.com/webtoon/list?titleId=833243,화
제물 투표,https://comic.naver.com/webtoon/list?titleId=850211,화
오늘도 퇴근,https://comic.naver.com/webtoon/list?titleId=842815,화
사채지간,https://comic.naver.com/webtoon/list?titleId=846114,화
나쁜남자가 돼라!,https://comic.naver.com/webtoon/list?titleId=847491,화
우렉 마지노,https://comic.naver.com/webtoon/list?titleId=838432,화
이세계서 유부남된 썰,https://comic.naver.com/webtoon/list?titleId=850103,화
어느 날 해츨링이 되었다,https://comic.naver.com/webtoon/list?titleId=850266,화
신과함께 돌아온 기사왕님,https://comic.naver.com/webtoon/list?titleId=809618,화
커플이상 부부미만,https://comic.naver.com/webtoon/list?titleId=850026,화
하루만 네가 되고 싶어,https://comic.naver.com/webtoon/list?titleId=738487,화
사람의 탈,https://comic.naver.com/webtoon/list?titleId=822198,화
방랑기사로 살아가는 법,https://comic.naver.com/webtoon/list?titleId=844589,화
약 파는 황태자,https://comic.naver.com/webtoon/list?titleId=818969,화
타락면역이라 재앙급 마검 들고 시작한다,https://comic.naver.com/webtoon/list?titleId=853004,화
불 빌려드릴까요?,https://comic.naver.com/webtoon/list?titleId=822931,화
그랬더니 남친임니다,https://comic.naver.com/webtoon/list?titleId=853326,화
생활의 참견 2 : 지금은 가족시절,https://comic.naver.com/webtoon/list?titleId=849676,화
폭풍의 전학생 시즌3,https://comic.naver.com/webtoon/list?titleId=851257,화
나만 보는 탑 공략집,https://comic.naver.com/webtoon/list?titleId=823434,화
대공가의 새아가는 조금 사나워요,https://comic.naver.com/webtoon/list?titleId=851388,화
결혼사수스캔들,https://comic.naver.com/webtoon/list?titleId=849563,화
주차장,https://comic.naver.com/webtoon/list?titleId=849647,화
원주민 공포만화,https://comic.naver.com/webtoon/list?titleId=698918,화
천만청춘,https://comic.naver.com/webtoon/list?titleId=828402,화
귀공자,https://comic.naver.com/webtoon/list?titleId=831168,화
원수의 아기를 가졌다,https://comic.naver.com/webtoon/list?titleId=846110,화
화분,https://comic.naver.com/webtoon/list?titleId=851671,화
풍요의 여신과 천재 망나니 사도님,https://comic.naver.com/webtoon/list?titleId=842346,화
환생했더니 단종의 보모나인,https://comic.naver.com/webtoon/list?titleId=843921,화
육아부터 하는 연애,https://comic.naver.com/webtoon/list?titleId=847997,화
남자가 되기 싫어,https://comic.naver.com/webtoon/list?titleId=852887,화
안 멋진 어른 지혜 양,https://comic.naver.com/webtoon/list?titleId=850746,화
블러드레인 3,https://comic.naver.com/webtoon/list?titleId=845665,화
괴이현상 하나,https://comic.naver.com/webtoon/list?titleId=848549,화
윌유메리미,https://comic.naver.com/webtoon/list?titleId=616239,화
내 남편의 정부에게,https://comic.naver.com/webtoon/list?titleId=817366,화
개집사,https://comic.naver.com/webtoon/list?titleId=828292,화
인간은 썩었어,https://comic.naver.com/webtoon/list?titleId=853936,화
가공낙원,https://comic.naver.com/webtoon/list?titleId=830053,화
브레이커즈,https://comic.naver.com/webtoon/list?titleId=841810,화
한계 찢는 천재마법사,https://comic.naver.com/webtoon/list?titleId=839353,화
저 그런 인재 아닙니다,https://comic.naver.com/webtoon/list?titleId=802840,화
스타코인,https://comic.naver.com/webtoon/list?titleId=851412,화
착한 여자 안선해,https://comic.naver.com/webtoon/list?titleId=812576,화
클래스메이트,https://comic.naver.com/webtoon/list?titleId=842086,화
빌런투킬,https://comic.naver.com/webtoon/list?titleId=765156,화
색시한 내 우렁이,https://comic.naver.com/webtoon/list?titleId=849507,화
야만의 청혼,https://comic.naver.com/webtoon/list?titleId=833873,화
고고밍밍고,https://comic.naver.com/webtoon/list?titleId=841824,화
인그레이브,https://comic.naver.com/webtoon/list?titleId=851854,화
사리네 보석함,https://comic.naver.com/webtoon/list?titleId=822833,화
대졸백수 400만 시대의 하여자들,https://comic.naver.com/webtoon/list?titleId=848026,화
후원 낙인,https://comic.naver.com/webtoon/list?titleId=853895,화
죽어 천국에 가다,https://comic.naver.com/webtoon/list?titleId=826887,화
비밀의 정원,https://comic.naver.com/webtoon/list?titleId=844592,화
아카데미가 망했다,https://comic.naver.com/webtoon/list?titleId=828077,화
포 더 퀸덤,https://comic.naver.com/webtoon/list?titleId=812414,화
그냥 선생님,https://comic.naver.com/webtoon/list?titleId=804333,화
재난은 늘 곁에 있다,https://comic.naver.com/webtoon/list?titleId=827333,화
스마일 복서,https://comic.naver.com/webtoon/list?titleId=841320,화
콩에서 새싹이!,https://comic.naver.com/webtoon/list?titleId=843325,화
마도애를 사랑하는 법,https://comic.naver.com/webtoon/list?titleId=849913,화
터닝포인트,https://comic.naver.com/webtoon/list?titleId=843450,화
불순물 연애,https://comic.naver.com/webtoon/list?titleId=842335,화
없는 사람,https://comic.naver.com/webtoon/list?titleId=844571,화
에이머,https://comic.naver.com/webtoon/list?titleId=400739,화
디펜스 브레이커,https://comic.naver.com/webtoon/list?titleId=840348,화
내남친 킹카만들기,https://comic.naver.com/webtoon/list?titleId=791126,화
인생내꺼,https://comic.naver.com/webtoon/list?titleId=835582,화
붉은 이정표,https://comic.naver.com/webtoon/list?titleId=790776,화
불로불사로 산다는 것은,https://comic.naver.com/webtoon/list?titleId=849301,화
아폴론 저축은행,https://comic.naver.com/webtoon/list?titleId=842845,화
레벨업! 여신님,https://comic.naver.com/webtoon/list?titleId=852169,화
힐링사무소,https://comic.naver.com/webtoon/list?titleId=849149,화
뜻밖의 청혼,https://comic.naver.com/webtoon/list?titleId=821855,화
시냅틱 에러,https://comic.naver.com/webtoon/list?titleId=852168,화
연애 못하면 사망,https://comic.naver.com/webtoon/list?titleId=834175,화
존X킬러,https://comic.naver.com/webtoon/list?titleId=841930,화
써니서프,https://comic.naver.com/webtoon/list?titleId=848710,화
살찐청부업자,https://comic.naver.com/webtoon/list?titleId=845883,화
너의 세계,https://comic.naver.com/webtoon/list?titleId=848902,화
시한부 황후의 나쁜 짓,https://comic.naver.com/webtoon/list?titleId=819054,화
한계돌파,https://comic.naver.com/webtoon/list?titleId=847436,화
멀리서 온 에일리,https://comic.naver.com/webtoon/list?titleId=840874,화
비기닝즈,https://comic.naver.com/webtoon/list?titleId=840344,화
에투알의 비밀,https://comic.naver.com/webtoon/list?titleId=851384,화
소녀*구원대행,https://comic.naver.com/webtoon/list?titleId=849744,화
불완전X스타,https://comic.naver.com/webtoon/list?titleId=841333,화
썸머문: 더 큐프리즈,https://comic.naver.com/webtoon/list?titleId=840900,화
