기업명,그룹사,기업종류,공고명,직무키워드,학력,경력구분,근무지
양산부산대학교병원,,,2026년도 8월 블라인드 공개채용 계약직(업무(시설)지원직) 모집,"시설관리, 대학병원, 일반병원, 종합병원, 기전기사",학력무관,신입 · 계약직,경남 양산시
양산부산대학교병원,,,2026년도 8월 블라인드 공개채용 계약직(간호조무직) 모집,"간호조무사, 외래, 대학병원, 일반병원, 종합병원",학력무관,신입 · 계약직,경남 양산시
양산부산대학교병원,,,2026년도 8월 블라인드 공개채용 계약직(행정직) 모집,"사무직, 서무, 문서작성, 사무보조, 사무행정",학력무관,신입 · 계약직,경남 양산시
양산부산대학교병원,,,2026년도 8월 블라인드 공개채용 계약직(보건직-의공기사) 모집,"의공기사, 대학병원, 일반병원, 종합병원",학력무관,신입 · 계약직,경남 양산시
양산부산대학교병원,,,2026년도 8월 블라인드 공개채용 계약직(보건직-작업치료사),"작업치료사, 재활의학과, 대학병원, 일반병원, 종합병원",학력무관,신입 · 계약직,경남 양산시
양산부산대학교병원,,,2026년도 8월 블라인드 공개채용 계약직(보건직-임상병리사) 모집,"임상병리사, 내분비내과, 진단검사의학과, 대학병원, 일반병원",학력무관,신입 · 계약직,경남 양산시
양산부산대학교병원,,,2026년도 8월 블라인드 공개채용 계약직(보건직-방사선사) 모집,"방사선사, 영상의학과, 대학병원, 일반병원, 종합병원",학력무관,신입 · 계약직,경남 양산시
양산부산대학교병원,,,2026년도 8월 블라인드 공개채용 계약직(원무직) 모집,"드레싱보조, 원무, 의약사무, 진료보조, 약제과",학력무관,신입 · 계약직,경남 양산시
(주)대한항공,한진그룹,대기업,항공우주 무인기 AI 전문인력 상시모집,"딥러닝, 알고리즘, S/W, 알고리즘개발, AI(인공지능)",석사↑,신입 · 경력 · 계약직,서울전체
양산부산대학교병원,,,2026년도 블라인드 공개채용 청년인턴(일반행정) 모집,"사무직, 서무, 문서작성, 사무보조, 사무행정",학력무관,신입 · 인턴직,경남 양산시
제주국제자유도시개발센터,,,2026년 체험형청년인턴 채용,"사무직, 사무보조, 사무행정",고졸↑,경력무관 · 인턴직,전국 외
양산부산대학교병원,,,2026년도 블라인드 공개채용 청년인턴(임상병리사) 모집,"임상병리사, 진단검사의학과, 호흡기내과, 대학병원, 일반병원",학력무관,신입 · 인턴직,경남 양산시
건강보험심사평가원,보건복지부그룹,대기업,2026년 하반기 정규직 채용(연구),"빅데이터, 연구원, R&D, 통계/분석",석사↑,경력무관 · 정규직,강원 원주시
양산부산대학교병원,,,2026년도 블라인드 공개채용 청년인턴(방사선사) 모집,"방사선사, 영상의학과, 대학병원, 일반병원, 종합병원",학력무관,신입 · 인턴직,경남 양산시
(주)케이씨씨실리콘,케이씨씨그룹,대기업,KCC 실리콘 EHS부문 신입사원 채용,"대기측정분석사, 수질분석, 환경오염, 재고관리, 가스기능사",대학교(4년)↑,신입 · 정규직,충남 서산시 외
건강보험심사평가원,보건복지부그룹,대기업,2026년 하반기 정규직 채용(시스템개발),"정보보안, 정보통신, S/W, 아키텍쳐",학력무관,경력무관 · 정규직,강원 원주시
건강보험심사평가원,보건복지부그룹,대기업,2026년 하반기 정규직 채용(약사),"약사, 보건진단, 통계/분석",석사↑,경력무관 · 정규직,강원 원주시
양산부산대학교병원,,,2026년도 블라인드 공개채용 청년인턴(임상심리사) 모집,"임상심리사, 대학병원, 일반병원, 종합병원",학력무관,신입 · 인턴직,경남 양산시
(주)LF,LF그룹,대기업,2026 LF Fashion Exchange Internship,"기획MD, 바잉MD, 섬유디자인, 의상디자인, 잡화디자인",대학교(4년)↑,신입 · 인턴직,서울 강남구
건강보험심사평가원,보건복지부그룹,대기업,2026년 하반기 정규직 채용(사무행정),"사무직, 총무, 사무보조, 사무행정, 마케팅전략",학력무관,경력무관 · 정규직,강원 원주시
(주)와드,와드그룹,,Product Design Assistant (6개월 인턴),"그래픽디자인, UI/UX디자인, Figma, 리서치","대학(2,3년)↑",신입 · 인턴직,경기 성남시 분당구
포스코플로우(주),포스코그룹,대기업,2026년 하반기 신입사원 채용 (CSU하역운전),"승합기사, 트럭, 특수차량, 설비점검, 운전",고졸↑,신입 · 정규직,전남광주 광양시
포스코플로우(주),포스코그룹,대기업,2026년 하반기 신입사원 채용 (물류운영/설비관리),"물류관리, 물류사무원, 자재관리, 국제물류, 물류기획",고졸↑,신입 · 정규직,전남광주 광양시
(주)바이트랩,,,뷰티 콘텐츠 마케터(전환형 인턴),"마케팅기획, 마케팅전략, 콘텐츠기획, 콘텐츠마케팅, 콘텐츠에디터",학력무관,신입 · 인턴직,서울 강남구
한국보훈복지의료공단원주보훈요양원,,,[채용정보] 2026년 제5차 요양보호직 공개채용 공고,"요양보호사, 환자안내, 요양병원",학력무관,경력무관 · 정규직,강원 원주시
한국토지주택공사세종특별본부,,,기간제근로자 채용공고(2026.08),"사무직, 총무, 비품관리, 사무보조, 사무행정",학력무관,경력무관 · 계약직,세종 세종특별자치시
한국산업단지공단,산업통상부그룹,대기업,2026년 하반기 신입직원 및 경력직원 채용 공고,"기술지원, 데이터분석가, 데이터엔지니어, 백엔드/서버개발, 유지보수",학력무관,신입 · 경력 · 정규직,대구전체 외
주택관리공단(주)부산울산지사,,공사·공기업,2026년도 채용형인턴(기술직) 채용공고(긴급),"건물관리자, 건설관리, 건설노무, 하자보수, 하자진단",학력무관,경력무관 · 인턴직,울산전체
(주)케이씨씨,케이씨씨그룹,대기업,[KCC] 2026년 3분기 부문별 대졸 신입 수시채용 (IT),"ERP, 설계엔지니어, 시스템설계, MES",대학교(4년)↑,신입 · 정규직,서울 서초구
(주)케이씨씨,케이씨씨그룹,대기업,[KCC] 2026년 3분기 부문별 대졸 신입 수시채용 (채권관리),"채권관리, 리스크 관리",대학교(4년)↑,신입 · 정규직,서울 서초구
주식회사컷백,,,[Cutback] AI Engineer (Intern),"알고리즘, AI(인공지능), AIX, Python, 알고리즘개발","대학(2,3년)↑",경력무관 · 인턴직,서울 강남구
(주)케이씨씨,케이씨씨그룹,대기업,[KCC] 2026년 3분기 부문별 대졸 신입 수시채용 (물류지원),"서류관리, 물류관리, 재고관리, 출고/출하",대학교(4년)↑,신입 · 정규직,울산전체
(주)와이즐리컴퍼니,,,[SI] Product Owner (인턴),"SI개발, AI(인공지능), AIX, SI영업, 프로덕트마케팅",학력무관,경력무관 · 인턴직,서울 강남구
(주)케이씨씨,케이씨씨그룹,대기업,[KCC] 2026년 3분기 부문별 대졸 신입 수시채용 (회계),"손익관리, 예산관리, 원가관리, 실적관리, 회계",대학교(4년)↑,신입 · 정규직,전북 전주시 외
(주)케이씨씨,케이씨씨그룹,대기업,[KCC] 2026년 3분기 부문별 대졸 신입 수시채용 (소재생산),"생산, 생산기술, 공정관리",대학교(4년)↑,신입 · 정규직,전북 전주시
(주)케이씨씨,케이씨씨그룹,대기업,[KCC] 2026년 3분기 부문별 대졸 신입 수시채용 (소재기술),"기술지원, 제품설계, 생산기술",대학교(4년)↑,신입 · 정규직,전북 전주시
(주)케이씨씨,케이씨씨그룹,대기업,[KCC] 2026년 3분기 부문별 대졸 신입 수시채용 (보온재기술),"품질관리, 생산기술, 공정관리",대학교(4년)↑,신입 · 정규직,강원 원주시
(주)케이씨씨,케이씨씨그룹,대기업,[KCC] 2026년 3분기 부문별 대졸 신입 수시채용 (컬러개발),"도료/페인트, 트렌드분석, 생산기술",대학교(4년)↑,신입 · 정규직,경기 용인시 기흥구
(주)농협하나로유통,농협그룹,대기업,고양유통센터 계약직(영업지원직) 채용 공고(진열 및 판매),"영업관리, 영업지원, 영업직, 판매직, 진열관리",학력무관,경력무관 · 계약직,경기 고양시 일산서구
(주)농협하나로유통,농협그룹,대기업,고양유통센터 계약직(영업지원직) 채용 공고(소매 계산),"영업관리, 영업지원, 영업직, 캐셔, 영업",학력무관,경력무관 · 계약직,경기 고양시 일산서구
(주)농협하나로유통,농협그룹,대기업,농협울산유통센터 계약직(영업지원직)채용공고_농산,"영업관리, 영업지원, 영업직, 판매직, 진열관리",학력무관,경력무관 · 계약직,울산 북구
(주)농협하나로유통,농협그룹,대기업,고양유통센터 계약직(영업지원직) 채용 공고(식자재 계산),"영업관리, 영업지원, 영업직, 캐셔, 영업",학력무관,경력무관 · 계약직,경기 고양시 일산서구
(주)농협하나로유통,농협그룹,대기업,농협울산유통센터 계약직(영업지원직)채용공고_축산,"영업관리, 영업지원, 영업직, 판매직, 진열관리",학력무관,경력무관 · 계약직,울산 북구
(주)농협하나로유통,농협그룹,대기업,하나로마트 반림점 영업지원직 채용 공고,"영업관리, 영업지원, 영업직, 캐셔, 판매직",학력무관,경력무관 · 계약직,경남 창원시 성산구
(주)농협하나로유통,농협그룹,대기업,달성유통센터 영업지원직 채용 공고,"영업관리, 영업지원, 영업직, 영업",학력무관,경력무관 · 계약직,대구 달성군
(주)농협하나로유통,농협그룹,대기업,하나로마트 동탄유통센터 (영업지원직)모집공고,"영업관리, 영업지원, 영업직, 진열관리, 영업",학력무관,경력무관 · 계약직,경기 화성시 동탄구
농협경제지주(주),농협그룹,대기업,농협경제지주 안성농식품물류센터 영업지원직 채용 공고,"영업관리, 영업지원, 영업직, 영업",고졸↑,경력무관 · 계약직,경기 안성시
(주)케이씨씨,케이씨씨그룹,대기업,[KCC] 2026년 3분기 부문별 대졸 신입 수시채용 (도료기술),"기술지원, 도료/페인트, 생산기술",대학교(4년)↑,신입 · 정규직,전북 전주시 외
(주)케이씨씨,케이씨씨그룹,대기업,[KCC] 2026년 3분기 부문별 대졸 신입 수시채용 (자동차기술),"생산관리, 도료/페인트, 생산, 생산기술",대학교(4년)↑,신입 · 정규직,경기 용인시 기흥구
씨제이푸드빌(주),,대기업,[공식] CJ푸드빌 음성공장 베이커리 생산직 신입사원 채용,"단순생산직, 설비OP, 제조가공",고졸↑,신입 · 정규직,충북 음성군 외
(주)케이씨씨,케이씨씨그룹,대기업,[KCC] 2026년 3분기 부문별 대졸 신입 수시채용 (도료영업),"채권관리, 영업관리, 영업지원, 영업마케팅, 영업전략",대학교(4년)↑,신입 · 정규직,전북 전주시 외
NH농협은행(주),농협그룹,대기업,NH농협은행 고양시지부 킨텍스점 산전후대체직 채용,"사무직, 사무보조, 사무행정",학력무관,경력무관 · 계약직,경기 고양시 일산서구
NH농협은행(주),농협그룹,대기업,NH농협은행 대구영업부 사무지원직 채용공고,"사무직, 비품관리, 사무보조, 사무행정, 전화응대",학력무관,경력무관 · 계약직,대구 북구
NH농협은행(주),농협그룹,대기업,NH농협은행 강원특별자치도청 사무지원직 채용공고,"사무직, 사무보조, 사무행정",학력무관,경력무관 · 계약직,강원 춘천시
NH농협은행(주),농협그룹,대기업,경산여신관리단 일반계약직 직원 채용공고,"사무직, 사무보조, 사무행정, 채권관리",학력무관,경력무관 · 계약직,경북 경산시
NH농협은행(주),농협그룹,대기업,NH농협은행 메트로팔레스지점 사무지원직 채용 공고,"사무직, 사무보조, 사무행정",학력무관,경력무관 · 계약직,대구 수성구
NH농협은행(주),농협그룹,대기업,NH농협은행 선정릉역지점 산전후대체직 채용 공고,"사무직, 사무보조, 사무행정",학력무관,경력무관 · 계약직,서울 강남구
식품의약품안전평가원,,,2026년 제2차 청년인턴 채용공고(의료기기 등 안전관리),"자료조사, 의료기기연구, 시장조사, 통계/분석",학력무관,경력무관 · 인턴직,충북 청주시 흥덕구
식품의약품안전평가원,,,2026년 제2차 청년인턴 채용공고(일반행정),"비품관리, 사무행정, 행사기획, 교육콘텐츠개발, 홍보",학력무관,경력무관 · 인턴직,충북 청주시 흥덕구 외
식품의약품안전처,식품의약품안전처그룹,공사·공기업,2026년 제2차 경인지방식품의약품안전청 청년인턴 채용 공고,"사무행정, 세포실험, 실험보조, Haccp, 통계/분석",학력무관,경력무관 · 인턴직,경기 과천시 외
서울지방식품의약품안전청,,,2026년 제2차 청년인턴 채용 공고,"사무행정, 세포실험, 식품연구, 실험보조, 품질검사원",학력무관,경력무관 · 인턴직,서울 양천구
대구지방식품의약품안전청,,,2026년 제2차 청년인턴 채용 공고,"사무행정, 세포실험, 식품연구, 실험보조, 품질관리",학력무관,경력무관 · 인턴직,대구 동구
대전지방식품의약품안전청,,,2026년 제2차 청년인턴 채용공고,"세포실험, 식품연구, 실험보조, 유해화학물질, 품질관리",학력무관,경력무관 · 인턴직,대전 서구
고려대학교구로병원,,대기업,[구로병원]간호부 중환자실 계약직일반업무원 모집,"진료보조, 침구실보조, 중환자실, 대학병원, 3교대",학력무관,신입 · 계약직,서울 광진구
고려대학교구로병원,,대기업,[구로병원]간호부 PRN 계약직일반업무원 모집,"비품관리, 사무보조, 대학병원",학력무관,신입 · 계약직,서울 구로구
조선대학교병원,,,원무팀 응급실 일반직 계약직원 채용 재공고,"사무행정, 원무, 대학병원, 3교대",대학교(4년)↑,경력무관 · 계약직,전남광주 동구
(주)조선비즈,조선일보사그룹,,이코노미조선 인턴기자 채용,"기자, 통/번역, 신문, 인포그래픽",대학교(4년)↑,경력무관 · 인턴직,서울 중구
신한투자증권(주),신한금융지주회사그룹,대기업,"대학생 체험형 인턴사원 공개채용_기업분석부(IT, 해외주식팀)","문서작성, 자료입력, 기업분석, 증권사",대학교(4년)↑,경력무관 · 인턴직,서울 영등포구
신한투자증권(주),신한금융지주회사그룹,대기업,대학생 체험형 인턴사원 공개채용_기업금융센터,"사무행정, PM(프로젝트매니저), 기업금융, 기업분석, 재무분석",대학교(4년)↑,경력무관 · 인턴직,서울 영등포구
신한투자증권(주),신한금융지주회사그룹,대기업,대학생 체험형 인턴사원 공개채용_IPO본부,"IPO, 리서치, 위험분석, 투자분석, 증권사",대학교(4년)↑,경력무관 · 인턴직,서울 영등포구
신한투자증권(주),신한금융지주회사그룹,대기업,대학생 체험형 인턴사원 공개채용_IB종합금융부,"사무행정, 기업분석, 재무분석, 투자분석, 증권사",대학교(4년)↑,경력무관 · 인턴직,서울 영등포구
(재)한국통계진흥원,국가데이터처그룹,공사·공기업,"2026년 제8차 한국통계진흥원 직원 채용 공고(정규직, 기간제)","세무신고, 총무, 사무행정, 시설관리, 경영지원",대학교(4년)↑,신입 · 경력 · 정규직 외,서울 강남구
AXA손해보험㈜,,대기업,[AXA손해보험] 혁신전략기획팀 IT Planning Associate,"사무행정, 경영지원, 예산관리, 조직관리, 금융사무","대학(2,3년)↑",신입 · 계약직,서울 용산구
태형리싸이클링(주),태형물산그룹,대기업,태형리싸이클링(주) 각 사업소 신입 및 경력사원 모집,"유지보수, 정보보안, 더존, 4대보험, 외부감사",학력무관,경력무관 · 정규직,경북 김천시 외
(주)모나미코스메틱,모나미그룹,대기업,국내영업팀/생산팀/관리팀/상품기획팀/생산지원팀 구매파트/품질경영팀 QC파트 채용,"기술영업, 영업관리, 영업직, 영업마케팅, 영업전략",고졸↑,신입 · 경력 · 정규직,경기 용인시 수지구 외
(주)농심,농심그룹,코스피,농심 공무직 신입사원 채용(아산-기관),"에너지관리, 공조냉동기사, 공조설비, 설비보수","대학(2,3년)↑",신입 · 정규직,충남 아산시
아고다트레블오퍼레이션스코리아(유),,외국계,Support Associate 서울채용,"사무직, 문서작성, 사무보조, 전화응대, OA",학력무관,경력무관 · 계약직,서울 중구
한국바스프(주),한국바스프그룹,대기업,한국바스프(주) 예산공장 현장 생산팀 교대근무 신입사원 채용,"배합, 플라스틱, 압출기, 제조",고졸↑,신입 · 정규직,충남 예산군
대성히트에너시스(주),대성그룹,,대성히트에너시스(주) 각부문 사원 채용,"기술지원, ERP, Excel, PowerPoint, 영업지원",고졸↑,신입 · 경력 · 정규직 외,충북 음성군 외
효원HM,,,2026년 “효원HM” 경영지원 직원 모집,"전산회계, 관리회계, 기업회계, 자산관리, 전표입력",학력무관,경력무관 · 정규직,부산 강서구 외
JW홀딩스,JW그룹,코스피,[JW] 2026년 8월 계약직 2차 수시채용,"조제보조, 생산관리, QC, 제조가공, 제조",대학교(4년)↑,신입 · 계약직,충남 당진시 외
(주)큐아이그룹,,,[프랜차이즈본사] 큐아이그룹 슈퍼바이저(SV) 채용,"가맹점관리, 슈퍼바이저, 매출관리, 브랜드관리, 브랜드확장",학력무관,경력무관 · 계약직,대구 달서구 외
한국캐피탈(주),군인공제회그룹,대기업,한국캐피탈 신입 및 경력직원 공개채용,"감사, 경리, 전산회계, IR/공시, 더존",고졸↑,신입 · 경력 · 정규직 외,서울 중구 외
현대비앤지스틸(주),현대자동차그룹,대기업,현대비앤지스틸㈜ 채용형 인턴 모집 (총무),"총무, 문서작성, 비품관리, 사내행사, 서류관리",대학교(4년)↑,신입 · 인턴직,서울 강남구
롯데패키징솔루션즈(주),롯데그룹,대기업,롯데패키징솔루션즈㈜ 진천공장 공무 오퍼레이터 모집,"기계조작원, 생산관리, 설비OP, 2교대, 3교대",고졸↑,신입 · 정규직,충북 진천군
(주)에이치엘사이언스,에이치엘사이언스그룹,코스닥,㈜에이치엘사이언스 경력직 부문별 채용,"AI(인공지능), CRA(임상연구원), CRM(임상연구전문가), 임상시험, 영업관리",학력무관,신입 · 경력 · 정규직,경기 의왕시 외
(주)연합인포맥스,연합뉴스그룹,,영업 부문 및 IT개발직 채용,"데이터분석가, 데이터엔지니어, 데이터시각화, 클라우드, API",대학교(4년)↑,신입 · 경력 · 정규직,서울 종로구 외
(주)유도,,,(주)유도 신입 및 경력사원 모집,"총무, 문서작성, 사내행사, 사무보조, 사무행정","대학(2,3년)↑",신입 · 경력 · 정규직,경기 화성시 외
동원로엑스냉장(주),동원그룹,대기업,2026년  동원로엑스냉장(주) 입출고 정규직 채용,"물류관리, 창고관리, 배차관리, 보세화물관리, 화물관리","대학(2,3년)↑",경력무관 · 정규직,경남 창원시
(주)다원아이디앤씨,,대기업,[실내인테리어] 공사부/본사 안전관리자 경력•신입 채용,"건설견적원, 건축가, 건축기사, 공무, 시공관리자",고졸↑,신입 · 경력 · 정규직,서울 서초구 외
한성크린텍(주),,코스닥,각 부문 정규직/계약직 모집,"계산서발행, 기계조작원, 품질검사원, QA, QC",대학교(4년)↑,신입 · 경력 · 정규직 외,서울 강남구 외
(주)혜인식품,대인계육유통그룹,,2026 네네치킨 생산본부 신입/경력 채용,"자산관리, 총무, 컴플라이언스, 문서작성, 비품관리",대학교(4년)↑,신입 · 경력 · 정규직,서울 도봉구 외
(주)내츄럴스푸드,,,"생산팀,식품영업,경영지원팀(회계, 구매) 신입/경력 채용","감사, 전산회계, 관리회계, 기업회계, 법인결산",고졸↑,신입 · 경력 · 정규직,충북 진천군 외
(주)현대에버다임,현대백화점그룹,대기업,(주)현대에버다임  회계팀 신입/경력 모집,"관리회계, 기업회계, 세무회계, 회계결산, 회계",대학교(4년)↑,신입 · 경력 · 정규직,충북 진천군
,경찰청그룹,대기업,2026년도 교통직 공개채용 공고,"웹개발, SE(시스템엔지니어), S/W, 사무직, 서무",학력무관,신입 · 경력 · 계약직,서울전체 외
(주)라일,,,(상여200%)무선 이어폰망 생산직 사원 모집,"기계조작원, 생산관리, 설비OP, 품질검사원, 품질관리",고졸↑,경력무관 · 정규직,경북 구미시 외
(주)케이씨씨글라스,케이씨씨그룹,대기업,[KCC글라스] '26년 8월 신입/경력사원 수시 채용,"앱개발, 웹개발, ERP, .NET, Android",학력무관,신입 · 경력 · 정규직 외,서울 서초구 외
근로복지공단 태백병원,,,공무직(전기기계통신기사_기계) 채용 공고,"공조냉동기사, 보일러기사, 안전관리자, 공조설비",학력무관,신입 · 정규직 외,강원 태백시
(주)넷게임즈,넥슨그룹,대기업,[퍼스트 디센던트] 라이팅 아티스트,"조명, 게임디자인, 조명디자인",학력무관,경력무관 · 정규직,서울 강남구
(주)넥슨코리아,넥슨그룹,대기업,[Embers of the Uncrowned] 캐릭터 모델러 (계약직),"게임디자인, 캐릭터디자인, 3D디자인",학력무관,경력무관 · 계약직,경기 성남시 분당구
(주)퍼스트마켓,,,화장품 브랜드사 디자이너 / 해외영업 채용,"사무직, 서무, 총무, 문서작성, 사무보조","대학(2,3년)↑",신입 · 경력 · 정규직,서울 종로구
롯데렌탈(주),롯데그룹,대기업,[롯데렌탈] 구매(Biz) 계약직 채용,"사무직, 문서작성, 서류관리, 자료입력, 자산관리",학력무관,신입 · 경력 · 계약직,서울 강남구
롯데렌탈(주),롯데그룹,대기업,[롯데렌탈] 영업지원(강남) 계약직 채용,"사무직, 문서작성, 사무보조, 서류관리, 자료입력",학력무관,신입 · 계약직,서울 강남구
롯데렌탈(주),롯데그룹,대기업,[롯데렌탈] 중고차매입(안성) 계약직 채용,"기술영업, 영업관리, 영업직, 자동차딜러, 영업전략",학력무관,신입 · 정규직,경기 안성시
(주)한일정밀,,외국계,[㈜한일정밀] 관리/총무팀 전산담당 채용,"전산회계, 관리회계, 기업회계, 원가회계, ERP","대학(2,3년)↑",신입 · 경력 · 정규직,경남 김해시 외
티아이씨(주),통일그룹,외국계,차량생산/기술영업/개발기술팀 채용,"MSSQL, OracleDB, 전산회계, 더존, 전산총무",대학교(4년)↑,신입 · 경력 · 정규직,경남 창원시 외
(주)피알앤디컴퍼니,,,[헤이딜러] 테크니션 통합 채용 (인천),"정비기사, 차량도우미, 고객안내, 고객응대, 기계수리",학력무관,신입 · 경력 · 정규직 외,인천 서해구 외
,한국무역협회그룹,공사·공기업,2027년도 한국무역협회 신입직원 채용,"자산관리, 교육행정, 경영지원, 국제무역사, 무역사무원",학력무관,신입 · 정규직,서울 강남구
(주)비어케이,,,[비어케이] 주류 영업사원 채용(수도권 업소담당),"영업관리, 영업판촉, 주류영업, 주류판매, 거래처관리","대학(2,3년)↑",신입 · 경력 · 계약직,서울 서초구 외
한국보훈복지의료공단,국가보훈부그룹,대기업,[대전보훈병원] 정규직(일반기능직(시설(기계)) 채용 공고,"시설관리, 가스기능사, 공조냉동기사, 기계기사, 소방설계",학력무관,신입 · 경력 · 정규직,대전 대덕구
한국보훈복지의료공단,국가보훈부그룹,대기업,[대전보훈병원] 정규직(일반기능직(시설(영선)) 채용 공고,"시설관리, 일반병원, 종합병원, 안전관리자, 안전보건관리자",학력무관,신입 · 경력 · 정규직,대전 대덕구
한국보훈복지의료공단,국가보훈부그룹,대기업,[대전보훈병원] 정규직(보건직(임상병리사)) 채용 공고,"임상병리사, 진단검사의학과, 일반병원, 종합병원",학력무관,신입 · 경력 · 정규직,대전 대덕구
한국보훈복지의료공단,국가보훈부그룹,대기업,[대전보훈병원] 정규직(보건직(방사선사)) 채용 공고,"방사선사, 영상의학과, 일반병원, 종합병원",학력무관,신입 · 경력 · 정규직,대전 대덕구
슈어소프트테크(주),슈어소프트테크그룹,코스닥,2026 하반기 신입/경력 채용,"기술지원, 백엔드/서버개발, 유지보수, 프론트엔드, QA/테스터",대학교(4년)↑,신입 · 경력 · 정규직,경기 성남시 수정구 외
(주)DYB최선어학원,,대기업,"[직영]각부문 STAFF 채용(고객지원,교육상담)","안내데스크, 교육행정, 사무행정, 학원영업, 고객안내",대학교(4년)↑,신입 · 경력 · 정규직,서울 강남구 외
한국보훈복지의료공단,국가보훈부그룹,대기업,[대전보훈병원] 정규직(기술직(건축)) 채용 공고,"일반병원, 종합병원, 건축가, 건축기사, 시공관리자",학력무관,신입 · 경력 · 정규직,대전 대덕구
(주)에이스테크,,,[국가산단-대기업협력 ] 자동차 부품 생산직 모집,"단순생산직, 사출금형, 조립, 증착, 생산",학력무관,경력무관 · 정규직 외,대구 달성군 외
건축공간연구원,국무조정실그룹,,무기직(행정원) 모집,"사무직, 총무, 문서작성, 사무보조, 사무행정",대학교(4년)↑,경력무관 · 계약직,세종 세종특별자치시
(주)미래비엠,삼구아이앤씨그룹,,이마트 시설관리직 채용,"시설관리, 설비점검, 전기제어, 가스기능사, 공무",고졸↑,신입 · 경력 · 정규직,서울전체 외
한국전력공사,한국전력공사그룹,공사·공기업,기간제근로자(대체인력) 채용공고 [강원본부 강릉지사],"전기설계, 전기제어, 전기기사, 배전반설계, 전기설비",학력무관,경력무관 · 계약직,강원 강릉시
,,,인공지능 기반 실시간 진료기록 생성 기술 연구 개발 (체험형 인턴),"딥러닝, 머신러닝, NLP(자연어처리), AI(인공지능), AIX",석사↑,신입 · 경력 · 인턴직,경기 성남시 분당구
근로복지공단 강원지역본부,,,기간제 사무원(휴직대체) 채용,"사무직, 총무, 문서작성, 사무보조, 사무행정",학력무관,신입 · 계약직,강원 원주시
,,,의료 도메인에서의 Agentic RAG 연구 및 개발 (체험형 인턴),"AI(인공지능), AIX, Git, 연구원, R&D",석사↑,신입 · 경력 · 인턴직,경기 성남시 분당구
,현대자동차그룹,대기업,현대제철 포항공장 기술직(계약) 채용,"기계설계, 전기설계, 전기제어, 압연, 전기용접",학력무관,경력무관 · 인턴직,경북 포항시
한국장애인고용공단,고용노동부그룹,공사·공기업,[대전지역본부] 기간제 근로자(체험형 청년인턴) 채용 재공고,"평생교육사, 사무직, 사회복지사, 생활복지사",학력무관,경력무관 · 인턴직,대전 서구
국립박물관문화재단,문화체육관광부그룹,공사·공기업,2026년 3차 직원 채용(총무/회계(휴직대체)),"전표입력, 서무, 총무, 문서작성, 복리후생",학력무관,경력무관 · 계약직,서울 용산구
농업회사법인(주)일등농산,,,[월 296만원] 배송직원 정규직 추가모집 (주5일제 근무/주말 및 공휴일 휴무),"납품운전원, 라이더(배달원), 물류기사, 배송기사, 버스기사",학력무관,경력무관 · 정규직,충남 천안시 동남구 외
한국생명공학연구원,,공사·공기업,2026-4차 계약직(장애인 제한경쟁) 채용,"경리, 전산회계, 사무행정, 서류관리, 자산관리",학력무관,경력무관 · 계약직,대전 유성구 외
국립박물관문화재단,문화체육관광부그룹,공사·공기업,2026년 3차 직원 채용(식음료사업 서비스 품질관리),"고객관리, 매장관리, 매장매니저, 박물관, 서비스기획",학력무관,경력무관 · 계약직,서울 용산구
대구지방환경청,,,2026년 하반기 청년인턴 채용 공고,"사무직, 사무보조, 사무행정",학력무관,경력무관 · 인턴직,대구 달서구
국립박물관문화재단,문화체육관광부그룹,공사·공기업,2026년 3차 직원 채용(상품기획(휴직대체)),"박물관, 사업기획, 상품기획, 사업개발, 사업관리",학력무관,경력무관 · 계약직,서울 용산구
케이오씨(주),,외국계,화학제조 생산직 신입 모집 (정규직),생산,고졸↑,신입 · 정규직,울산 울주군 외
남선석유(주),,,남선석유㈜ 목포저유소 저유관리사원 모집,"시설관리, 전동지게차, 지게차, 판매직, 거래처관리",고졸↑,신입 · 경력 · 정규직,전남광주 영암군 외
국립박물관문화재단,문화체육관광부그룹,공사·공기업,2026년 3차 직원 채용(상품관 운영(익산)),"매장관리, 미화원, 고객안내, 고객응대, 박물관",학력무관,경력무관 · 계약직,전북 익산시
한강홍수통제소,,,2026년 하반기 청년인턴 채용 공고,"시설관리, 전기설계, 건축전기, 전기설비, 전기시공",학력무관,경력무관 · 인턴직,서울 서초구
(주)와우바이오텍,,대기업,[RE4DAY] 튀르키예 인플루언서 마케터,"시장조사, 이커머스, 채널관리, 판매전략, 프로모션기획",학력무관,신입 · 경력 · 정규직,서울 영등포구 외
국립박물관문화재단,문화체육관광부그룹,공사·공기업,2026년 3차 직원 채용(VMD),"VMD, 공간디자인, 전시디자인",학력무관,경력무관 · 계약직,서울 용산구
국립박물관문화재단,문화체육관광부그룹,공사·공기업,2026년 3차 직원 채용(해외 전용 온라인숍 운영),"해외시장개척, 해외영업, 쇼핑몰관리, 해외영업관리, 해외영업지원",학력무관,경력무관 · 정규직,서울 용산구
로엘법무법인,,,[로엘법무법인] 대구 분사무소 송무팀 직원 모집 (경력무관),"사무직, 송무비서, 법률사무원, 문서작성, 사무보조",학력무관,경력무관 · 정규직,대구 수성구
(주)순수식품,순수식품그룹,,온라인 MD/AMD 채용 (네이버/쿠팡/오픈마켓/종합몰 외),"무역사무원, 영업관리, 영업지원, 영업직, 영업MD",대학교(4년)↑,신입 · 경력 · 정규직,서울 금천구 외
국립농산물품질관리원 경남지원,,,[경남진주] 2026년 농지조사원 기간제 근로자 채용 계획 공고,"사무직, 사무보조, 사무행정",학력무관,경력무관 · 계약직,경남 진주시
하이트진로산업(주),하이트진로그룹,대기업,하이트진로산업(주) 진주공장 생산팀(요로)관리자 모집(신입),"비금속/요업, 에너지관리, 생산, 제조, 제병",대학교(4년)↑,신입 · 정규직,경남 진주시
(주)우아한형제들,우아한형제들그룹,외국계,리서치 오퍼레이터,"리서치, UI/UX, 기획",학력무관,신입 · 경력 · 계약직,서울 송파구
(주)우아한형제들,우아한형제들그룹,외국계,운영지원(광고영업),"영업관리, 영업마케팅, B2B, 프로모션기획, 이벤트프로모션",학력무관,신입 · 경력 · 계약직,서울 송파구
(주)우신시스템,우신시스템그룹,코스피,재무회계팀 신입/경력 모집,"더존, 관리회계, 급여(Payroll), 기업회계, 세무회계",학력무관,신입 · 경력 · 정규직,경기 시흥시 외
법무부,법무부그룹,,[경북북부제2교도소] 2026년 제2회 공무직 근로자(조리원)채용,"조리사, 급식소, 식당",학력무관,경력무관 · 계약직,경북 청송군
(주)삼구아이앤씨,삼구아이앤씨그룹,,[삼구아이앤씨] 엘앤에프 플러스 생산 지원업무 근무자 구인,"사무행정, 기계조작원, 단순생산직, 생산관리, 품질검사원",학력무관,신입 · 경력 · 계약직,대구 달성군
(주)지씨셀,녹십자그룹,코스닥,[녹십자 그룹] GC셀 회계(결산 및 원천세 등) 담당자 모집(신입),"전산회계, 더존, 관리회계, 기업회계, 법인결산",대학교(4년)↑,신입 · 정규직,경기 용인시 기흥구 외
농협손해보험(주),농협그룹,대기업,NH농협손해보험 일반계약직 채용 공고(배상보험지급팀),"보험심사, 배상, 보험사고, 보험청구, 손해보험",학력무관,경력무관 · 계약직,서울 서대문구
(주)카카오,카카오그룹,대기업,마케팅 콘텐츠 제작/운영 디자인_어시스턴트,"프로모션기획, 마케팅기획, 마케팅전략, 콘텐츠기획, 브랜드마케팅","대학(2,3년)↑",경력무관 · 인턴직,경기 성남시 분당구
케이에스엠(주),,,"[사세확장, 경력무관]생산관리 모집","ER(노무관리), 기계조작원, 단순생산직, 생산관리, 외관검사원",학력무관,경력무관 · 정규직,부산 사상구 외
(주)카카오,카카오그룹,대기업,제휴마케팅_어시스턴트,"데이터분석가, 채널관리, 프로모션기획, 리서치, 데이터분석","대학(2,3년)↑",신입 · 경력 · 인턴직,경기 성남시 분당구
서울주택도시개발공사,,대기업,2026년도 청년 체험형 인턴 채용공고(기술원),"시설관리, 민원상담",학력무관,경력무관 · 인턴직,서울전체
서울주택도시개발공사,,대기업,2026년도 청년 체험형 인턴 채용공고(사무원),"사무직, 문서작성, 사무보조, 사무행정, 민원상담",학력무관,경력무관 · 인턴직,서울전체
서울주택도시개발공사,,대기업,2026년도 청년 체험형 인턴 채용공고(전기/기계),"서류관리, 기계설계, 기계기사, 전기기사, 전기설계",학력무관,경력무관 · 인턴직,서울전체
토스뱅크(주),토스그룹,대기업,AI Product Team Leader,"기술지원, AI(인공지능), PO(프로덕트오너)",학력무관,경력무관 · 정규직,서울 강남구
토스뱅크(주),토스그룹,대기업,Content Specialist (Editing),"기술지원, AI(인공지능), 콘텐츠관리, 콘텐츠기획",학력무관,경력무관 · 계약직,서울 강남구
토스뱅크(주),토스그룹,대기업,Credit Rating Modeler,"기술지원, SE(시스템엔지니어), AI(인공지능)",학력무관,신입 · 경력 · 정규직,서울 강남구
토스뱅크(주),토스그룹,대기업,Data Governance Manager,"기술지원, 데이터분석가, 데이터엔지니어, 데이터 사이언티스트",학력무관,신입 · 경력 · 정규직,서울 강남구
(주)네오위즈,네오위즈홀딩스그룹,코스닥,라이프 시뮬레이션 신작 프로젝트 기획자 (인턴),"게임개발, GM(게임운영), 게임기획",학력무관,경력무관 · 인턴직,경기 성남시 분당구
(주)네오위즈,네오위즈홀딩스그룹,코스닥,IP Merchandise Lead,"게임개발, GM(게임운영), 게임기획",학력무관,경력무관 · 정규직,경기 성남시 분당구
(주)해안종합건축사사무소,,,(주)해안건축 2027년 신입공채_친환경설계,"환경관리자, 설계엔지니어, 환경설계, 친환경건축",대학교(4년)↑,신입 · 정규직,서울 강남구
(주)해안종합건축사사무소,,,(주)해안건축 2027년 신입공채_전략기획,"전략기획, 리서치, 신사업기획, 신사업발굴, 타당성검토",대학교(4년)↑,신입 · 정규직,서울 강남구
서울주택도시개발공사,,대기업,2026년도 청년 체험형 인턴 채용공고(건축),"건축가, 건축기사, 건축구조설계, 건축설비, 실내건축시공",학력무관,경력무관 · 인턴직,서울전체
(주)해안종합건축사사무소,,,(주)해안건축 2027년 신입공채_건축설계,"건축가, 건축기사, 건축구조설계, 건축설비, CAD",대학교(4년)↑,신입 · 정규직,서울 강남구
(주)해안종합건축사사무소,,,(주)해안건축 2027년 신입공채_개발기획,"시장조사, 상품기획, 사업개발",대학교(4년)↑,신입 · 정규직,서울 강남구
(주)아이엠비씨,문화방송그룹,코스닥,연예뉴스 취재기자(계약직),"사무보조, 사무행정, 기자, 정산관리",대학교(4년)↑,경력무관 · 계약직,서울 마포구
(주)해안종합건축사사무소,,,(주)해안건축 2027년 신입공채_도시설계,"GIS, 도시설계, 도시개발, 도시교통, CAD",대학교(4년)↑,신입 · 정규직,서울 강남구
(주)에이치텍건축사사무소,,,(주)에이치텍건축사사무소 2027년 신입공채,"설계엔지니어, BIM, AutoCAD, 건축설계",대학교(4년)↑,신입 · 정규직,서울 강남구
(주)아이엠비씨,문화방송그룹,코스닥,온라인 광고(신입),"시장조사, AE(광고기획자), 광고기획, 데이터분석",대학교(4년)↑,신입 · 정규직,서울 마포구
(주)아이엠비씨,문화방송그룹,코스닥,웹개발(신입/경력),"백엔드/서버개발, 웹개발, SE(시스템엔지니어), AI(인공지능), C#",대학교(4년)↑,신입 · 경력 · 정규직,서울 마포구
서울주택도시개발공사,,대기업,2026년도 청년 체험형 인턴 채용공고(토목),"토목기술자, 토목설계, 토목건축, 토목공사, 토목공학",학력무관,경력무관 · 인턴직,서울전체
서울주택도시개발공사,,대기업,2026년도 청년 체험형 인턴 채용공고(경영지원/사업관리),"경영지원, 사업기획, 사업관리",학력무관,경력무관 · 인턴직,서울전체
(주)인크로스,에스케이그룹,대기업,[SK그룹-인크로스] 인플루언서 마케팅 영업/운영(계약직) 채용,"광고영업, 인플루언서마케팅, 광고마케팅, PPL","대학(2,3년)↑",신입 · 경력 · 계약직,서울 관악구
(주)셀트리온스킨큐어,셀트리온그룹,대기업,[셀트리온그룹사] 사업 기획 담당 전환형 인턴,"경영기획, 사업기획, 전략기획, 기획",대학교(4년)↑,신입 · 인턴직,서울 서초구
(주)다이나테크,,,2026년 하반기 각 부문별 직원 채용공고,"기술영업, 영업관리, 영업지원, 영업직, 영업MD",학력무관,신입 · 경력 · 정규직 외,인천 서해구 외
(주)경보제약,종근당그룹,대기업,경보제약 신입/경력 수시 채용,"데이터분석가, 데이터엔지니어, 빅데이터, AI(인공지능), AICPA",대학교(4년)↑,신입 · 경력 · 정규직 외,충남 아산시 외
(주)테크웨이즈,,,[㈜테크웨이즈] 각 부문별 신입·경력사원 모집,"기술지원, SE(시스템엔지니어), SI개발, 네트워크, 솔루션",고졸↑,신입 · 경력 · 정규직,경기 용인시 수지구 외
롯데렌탈(주),롯데그룹,대기업,[롯데렌탈] 영업지원(부산) 계약직 채용,"사무직, 문서작성, 사무보조, 서류관리, 자료입력",학력무관,신입 · 계약직,부산 동구
롯데렌탈(주),롯데그룹,대기업,롯데렌터카 차량관리(점검) 계약직 채용,"탁송기사, 배차관리, 매장매니저, 발레파킹, 세차원",학력무관,신입 · 계약직,인천 부평구 외
롯데렌탈(주),롯데그룹,대기업,롯데렌터카 차량관리 채용 (수도권/울산/목포),"탁송기사, 배차관리, 매장매니저, 발레파킹, 세차원",학력무관,신입 · 계약직,서울 강서구 외
,,,2026 부산상공회의소 신입직원 채용,"해외법인, 사무직, 서무, 총무, 문서작성",대학교(4년)↑,신입 · 경력 · 정규직,부산 부산진구
(주)지컴,,,사업지원본부 디자인팀 신입 및 경력 모집,"광고디자인, 시각디자인, 패키지디자인, 편집디자인, 브로슈어","대학(2,3년)↑",신입 · 경력 · 정규직 외,서울 서초구
롯데엔지니어링플라스틱(주),롯데그룹,대기업,[롯데EP]생산기능직 채용 공고,"플라스틱, 압출기, 3교대, 생산",학력무관,신입 · 계약직,충남 아산시
동국대학교 DUICA,,,동국대학교 DUICA 정규직원 채용 공고,"마케팅기획, 마케팅전략, 행사기획, 기업홍보, 오프라인마케팅",대학교(4년)↑,신입 · 경력 · 정규직,서울 중구 외
덕산에테르씨티(주),,,덕산에테르씨티(주) 부안공장 각 부문 채용,"연구원, 고분자, 기술연구, 기계조작원, 생산관리",학력무관,신입 · 경력 · 정규직,전북 부안군 외
대화제약(주),대화그룹,대기업,"대화제약㈜ 약사팀, 공무팀, 개발팀, 공장지원팀, 생산혁신팀, 제제연구1팀 채용","기술사업화, 문서작성, 사무행정, 서류관리, 인/허가",학력무관,신입 · 경력 · 정규직,서울 서초구 외
,,,2026년 하반기 생산 조립 업무 담당자(정규직) 모집,"단순생산직, 제조가공, 조립, 주간근무, 생산",학력무관,경력무관 · 정규직,충남 아산시
,,,2026년 하반기 사무보조 모집 [정규직],"사무직, 문서작성, 사무보조, 사무행정, 서류관리",학력무관,경력무관 · 정규직,충남 아산시
(주)지니수,,,[인턴] 프롭테크 플랫폼 서비스 개발,"데이터분석가, 데이터엔지니어, 백엔드/서버개발, SaaS, 데이터 사이언티스트",고졸↑,신입 · 인턴직,서울 강남구
(주)동양화공기계,,,㈜동양화공기계 부문별 정규직 채용,"총무, 문서작성, 비품관리, 사내행사, 사무행정",학력무관,신입 · 경력 · 정규직,경기 파주시 외
넷마블(주),넷마블그룹,대기업,[넷마블] AI 전략실 인턴 모집,"법인결산, 회계결산, 재무",대학교(4년)↑,신입 · 계약직,서울 구로구
동국제약(주),동국제약그룹,대기업,[동국제약] 신입/경력 채용(Global/관리/마케팅/영업/디자인/개발 등 모집),"보안컨설팅, 정보보안, 감사, 관리회계, 기업회계",대학교(4년)↑,신입 · 경력 · 정규직 외,서울 강남구 외
신한투자증권(주),신한금융지주회사그룹,대기업,2026년 신입사원 공개채용 (통합직무),금융사무,대학교(4년)↑,신입 · 정규직,서울 영등포구
에스케이네트웍스서비스(주),에스케이그룹,대기업,2026년 8월 Solution 영업 사원 채용 (디지털인프라),"백엔드/서버개발, IT컨설팅, 솔루션, 솔루션기술영업, IT영업",대학교(4년)↑,신입 · 경력 · 정규직,서울 종로구
식품의약품안전처,식품의약품안전처그룹,공사·공기업,2026년 제2차 본부 청년인턴 채용 공고,"사무직, 사무보조, 사무행정",학력무관,경력무관 · 인턴직,충북 청주시 흥덕구
(주)일화,통일그룹,,2026년 (주)일화 신입 및 경력 채용,"CRA(임상연구원), 임상시험, 제약QA, 연구원, R&D",고졸↑,신입 · 경력 · 정규직,서울 강동구 외
SK텔레콤(주),에스케이그룹,대기업,이동통신 품질측정 담당자,"정보통신, 법인결산, 사무직, 사무보조, 사무행정",고졸↑,신입 · 계약직,대전 서구
테슬라코리아(유),,대기업,[Tesla Korea] 대규모 공개 채용,"영업관리, 자동차영업, 고객관리, 영업, 자동차정비",학력무관,신입 · 경력 · 정규직,서울 강남구
,,,2026년 청년인턴 채용 공고,"사무직, 사무보조, 사무행정",학력무관,경력무관 · 인턴직,서울 종로구
